File,Total Time,Coding %,Debugging %,Testing %,FC% Flow Complexity,OV% Object Vocabulary,OC% Object Conjuration,AI% Arithmetic Intricacy,DT% Data Transfer,ID% Inline Data,CS% Code Structure,CM% Comments,CCR Code to Comment Ratio,ECF Essential Comment Factor,CSM Code Structure Modularity,LD Logic Density,SDE Source Divergence Entropy,IDF Information Diversity Factor,OCF Object Convolution Factor,LLOC Logical Lines of Code,Multi Line Comments,Single Line Comments,High Quality Comments,Strings,Numeric Constants,Code Nature,Quality Notes Count,Quality Notes Detail,
C:\Users\Luka\Desktop\New folder\30_project\assets\highcharts\canvas-tools.js,246,48,30,22,3,29,60,0,1,3,3,0,0,0,8,4,3,1291,61,1084,1,0,1,767,507,Normal,2,* Needs more comments. * May need breaking down into functions or classes. 
C:\Users\Luka\Desktop\New folder\30_project\assets\highcharts\column.js,17,48,32,20,0,51,16,4,14,3,12,0,4,7,295,15,58,192,19,62,0,4,3,30,73,Data I/O Oriented,2,* Needs more comments. * Code structure may be too fragmented. 
C:\Users\Luka\Desktop\New folder\30_project\assets\highcharts\common.js,2,54,28,18,3,79,5,3,1,1,9,0,0,0,333,16,55,35,10,5,0,0,0,5,1,Normal,1,* Code structure may be too fragmented. 
C:\Users\Luka\Desktop\New folder\30_project\assets\highcharts\highcharts-more.js,364,43,35,22,34,20,20,7,10,1,7,1,34,80,191,121,61,639,36,902,85,235,310,185,269,Algorithmic Oriented,0,
C:\Users\Luka\Desktop\New folder\30_project\assets\highcharts\highcharts_rambera.js,2729,40,37,23,50,9,18,5,9,1,7,1,38,80,206,127,66,1255,37,6099,443,2003,2321,1217,1586,Data Manipulation Oriented,0,
C:\Users\Luka\Desktop\New folder\30_project\assets\highcharts\jquery-1.9.1.min.js,359,44,34,22,26,22,40,3,3,3,2,0,0,0,29,36,11,1148,69,941,1,0,1,835,348,Normal,1,* Needs more comments. 
C:\Users\Luka\Desktop\New folder\30_project\assets\highcharts\line-blood-pressure.js,32,50,30,20,6,43,24,7,5,2,13,0,18,33,262,31,50,350,27,123,0,34,23,56,44,Algorithmic Oriented,2,* Needs more comments. * Code structure may be too fragmented. 
C:\Users\Luka\Desktop\New folder\30_project\assets\highcharts\line-blood-sugar.js,20,51,30,19,5,60,12,7,5,1,9,0,18,33,254,37,55,128,18,60,0,19,11,23,24,Algorithmic Oriented,2,* Needs more comments. * Code structure may be too fragmented. 
C:\Users\Luka\Desktop\New folder\30_project\assets\highcharts\line-body-fat.js,21,51,30,19,5,62,12,6,5,1,9,0,18,33,259,33,55,125,19,59,0,19,11,22,24,Algorithmic Oriented,2,* Needs more comments. * Code structure may be too fragmented. 
C:\Users\Luka\Desktop\New folder\30_project\assets\highcharts\line-weight.js,20,52,29,19,2,63,13,7,5,1,10,0,20,36,259,35,55,126,19,59,0,20,12,21,23,Algorithmic Oriented,2,* Needs more comments. * Code structure may be too fragmented. 
C:\Users\Luka\Desktop\New folder\30_project\assets\highcharts\line.js,20,50,30,19,8,56,13,6,5,1,11,0,12,25,241,32,52,144,15,77,0,18,10,22,31,Algorithmic Oriented,2,* Needs more comments. * Code structure may be too fragmented. 
C:\Users\Luka\Desktop\New folder\30_project\assets\highcharts\view-blood-pressure.html,8,50,30,20,16,57,11,0,8,2,7,0,0,0,167,85,51,113,19,20,0,0,0,30,1,Normal,0,
C:\Users\Luka\Desktop\New folder\30_project\assets\highcharts\view-blood-sugar.html,7,52,29,19,9,63,10,0,9,2,7,0,0,0,177,80,50,102,18,19,0,0,0,29,1,Normal,0,
C:\Users\Luka\Desktop\New folder\30_project\assets\highcharts\view-body-fat.html,7,52,29,19,9,63,10,0,9,2,7,0,0,0,177,80,50,102,18,19,0,0,0,29,1,Normal,0,
C:\Users\Luka\Desktop\New folder\30_project\assets\highcharts\view-weight.html,7,52,29,19,9,63,10,0,9,2,7,0,0,0,177,80,50,102,18,19,0,0,0,29,1,Normal,0,
C:\Users\Luka\Desktop\New folder\30_project\assets\highcharts\view.html,6,49,31,20,21,49,12,0,10,2,6,0,0,0,119,120,56,154,24,14,0,0,0,27,1,Normal,0,
C:\Users\Luka\Desktop\New folder\30_project\assets\highcharts\view2.html,6,49,31,20,21,49,12,0,10,2,6,0,0,0,119,120,56,154,24,14,0,0,0,27,1,Normal,0,
C:\Users\Luka\Desktop\New folder\30_project\src\si\alife\mobile\calendar\activities\CalendarActivity.java,56,46,33,21,31,40,16,2,7,0,5,0,0,2,111,62,50,243,31,123,0,1,1,6,12,Normal,1,* Needs more comments. 
C:\Users\Luka\Desktop\New folder\30_project\src\si\alife\mobile\calendar\activities\DefaultCalendarListProvider.java,73,44,34,22,37,29,20,1,7,0,6,0,0,0,121,59,42,431,45,143,0,0,0,12,10,Normal,1,* Needs more comments. 
C:\Users\Luka\Desktop\New folder\30_project\src\si\alife\mobile\calendar\activities\DefaultCalendarProvider.java,44,44,34,22,36,30,20,1,6,0,7,0,0,0,148,50,39,414,39,101,0,0,0,4,14,Normal,1,* Needs more comments. 
C:\Users\Luka\Desktop\New folder\30_project\src\si\alife\mobile\calendar\CalendarAdapter.java,13,47,33,21,25,49,16,0,4,0,6,0,0,0,165,20,42,202,27,34,0,0,0,0,0,Normal,1,* Needs more comments. 
C:\Users\Luka\Desktop\New folder\30_project\src\si\alife\mobile\calendar\CalendarDayList.java,24,43,36,22,42,31,15,2,4,0,5,0,0,0,150,55,46,298,27,58,0,0,0,0,2,Data Manipulation Oriented,1,* Needs more comments. 
C:\Users\Luka\Desktop\New folder\30_project\src\si\alife\mobile\calendar\CalendarViewProvider.java,3,54,28,19,0,79,13,0,3,0,5,0,0,0,106,10,15,100,22,9,0,0,0,0,0,Normal,0,
C:\Users\Luka\Desktop\New folder\30_project\src\si\alife\mobile\calendar\ExtendedMonthDisplayHelper.java,31,43,35,22,39,23,18,7,6,0,6,0,6,17,153,69,63,507,33,77,2,3,5,0,25,Algorithmic Oriented,1,* Needs more comments. 
C:\Users\Luka\Desktop\New folder\30_project\src\si\alife\mobile\calendar\view\CalendarMonthView.java,27,47,32,21,22,45,18,0,7,0,7,0,1,3,157,31,38,253,27,82,0,1,1,1,2,Normal,1,* Needs more comments. 
C:\Users\Luka\Desktop\New folder\30_project\src\si\alife\mobile\core\AlifeMobileApplication.java,3,52,29,19,5,67,12,0,5,0,10,2,45,100,202,0,34,105,16,10,3,2,5,0,0,Normal,1,* Code structure may be too fragmented. 
C:\Users\Luka\Desktop\New folder\30_project\src\si\alife\mobile\core\CompilePreferences.java,4,53,28,19,0,67,23,0,4,1,4,0,12,66,34,81,14,212,31,15,0,3,2,3,9,Normal,0,
C:\Users\Luka\Desktop\New folder\30_project\src\si\alife\mobile\core\ComponentManager.java,52,42,36,22,49,28,13,0,5,0,4,0,20,63,121,49,50,284,25,118,22,2,24,1,0,Data Manipulation Oriented,0,
C:\Users\Luka\Desktop\New folder\30_project\src\si\alife\mobile\core\configuration\ConfigurationImpl.java,15,47,33,21,24,47,17,0,5,0,6,0,4,11,150,22,39,230,26,44,0,2,2,2,1,Normal,1,* Needs more comments. 
C:\Users\Luka\Desktop\New folder\30_project\src\si\alife\mobile\core\configuration\IntentFactory.java,7,42,36,22,48,34,10,0,2,0,7,0,0,0,243,40,36,172,20,14,0,0,0,0,0,Data Manipulation Oriented,0,
C:\Users\Luka\Desktop\New folder\30_project\src\si\alife\mobile\core\Configuration.java,5,54,28,18,0,84,7,0,4,0,4,0,12,66,39,18,28,51,10,15,1,1,2,0,3,Normal,0,
C:\Users\Luka\Desktop\New folder\30_project\src\si\alife\mobile\core\InitialAction.java,1,55,27,18,0,83,7,0,1,0,9,0,0,0,155,0,7,44,10,3,0,0,0,0,0,Normal,0,
C:\Users\Luka\Desktop\New folder\30_project\src\si\alife\mobile\dailytips\DailyTipComponent.java,2,50,31,19,19,66,7,0,2,0,6,0,20,50,118,0,22,63,14,4,1,0,1,0,0,Normal,0,
C:\Users\Luka\Desktop\New folder\30_project\src\si\alife\mobile\dailytips\DailyTipComponentImpl.java,46,45,33,21,31,38,18,1,7,0,6,0,0,0,112,53,44,301,31,117,0,0,0,0,12,Normal,1,* Needs more comments. 
C:\Users\Luka\Desktop\New folder\30_project\src\si\alife\mobile\dailytips\util\DailyTipClickListener.java,1,55,27,18,0,87,5,0,1,0,7,0,0,0,165,0,12,33,10,3,0,0,0,0,0,Normal,0,
C:\Users\Luka\Desktop\New folder\30_project\src\si\alife\mobile\dailytips\util\DailyTipDialogBuilder.java,7,51,30,20,10,62,14,0,4,0,9,0,0,0,234,15,29,141,25,18,0,0,0,0,0,Normal,1,* Code structure may be too fragmented. 
C:\Users\Luka\Desktop\New folder\30_project\src\si\alife\mobile\dailytips\util\DailyTipTask.java,3,53,29,18,2,76,9,2,3,0,8,0,0,0,218,12,27,71,18,7,0,0,0,0,0,Normal,1,* Code structure may be too fragmented. 
C:\Users\Luka\Desktop\New folder\30_project\src\si\alife\mobile\dailytips\util\DailyTipViewProvider.java,29,47,33,21,22,42,22,0,7,0,7,0,0,0,124,39,40,326,34,83,0,0,0,0,1,Normal,1,* Needs more comments. 
C:\Users\Luka\Desktop\New folder\30_project\src\si\alife\mobile\dailytips\vao\DailyTip.java,28,41,37,22,46,23,17,4,5,0,5,0,8,24,138,75,44,457,29,71,0,7,6,1,13,Data Manipulation Oriented,1,* Needs more comments. 
C:\Users\Luka\Desktop\New folder\30_project\src\si\alife\mobile\dashboard\activities\DashboardActivity.java,36,48,31,21,20,50,16,0,7,0,7,0,0,0,140,28,35,204,25,103,0,0,0,7,1,Normal,1,* Needs more comments. 
C:\Users\Luka\Desktop\New folder\30_project\src\si\alife\mobile\dashboard\activities\DashboardIntentFactory.java,126,45,33,22,29,28,26,1,8,0,7,0,4,12,142,52,48,573,43,337,6,8,14,21,18,Normal,1,* Needs more comments. 
C:\Users\Luka\Desktop\New folder\30_project\src\si\alife\mobile\dashboard\activities\MenuItemHandler.java,11,47,33,20,23,49,16,1,5,0,6,0,3,11,127,28,39,197,28,27,1,0,1,2,0,Normal,1,* Needs more comments. 
C:\Users\Luka\Desktop\New folder\30_project\src\si\alife\mobile\dashboard\activities\PortalDialog.java,7,53,28,19,0,73,13,0,6,0,8,0,0,0,197,15,27,107,21,19,0,0,0,1,0,Normal,1,* Code structure may be too fragmented. 
C:\Users\Luka\Desktop\New folder\30_project\src\si\alife\mobile\dashboard\activities\ProgressTabsActivity.java,21,50,30,20,9,59,18,0,7,0,6,0,6,20,132,36,37,191,34,48,0,3,3,1,3,Normal,1,* Needs more comments. 
C:\Users\Luka\Desktop\New folder\30_project\src\si\alife\mobile\dashboard\activities\SingleTransferTask.java,19,47,32,21,25,47,14,0,5,0,8,0,18,43,191,32,34,191,23,54,0,10,10,1,7,Normal,1,* Needs more comments. 
C:\Users\Luka\Desktop\New folder\30_project\src\si\alife\mobile\dashboard\activities\SplashScreen.java,17,50,30,20,14,60,11,1,7,0,7,0,5,11,192,30,42,120,22,39,0,2,2,1,1,Normal,1,* Needs more comments. 
C:\Users\Luka\Desktop\New folder\30_project\src\si\alife\mobile\dashboard\util\PortalInvitation.java,4,52,29,19,12,70,7,0,5,0,6,0,0,0,174,42,29,61,18,6,0,0,0,0,0,Normal,0,
C:\Users\Luka\Desktop\New folder\30_project\src\si\alife\mobile\dashboard\util\TrialExpire.java,8,48,32,20,25,55,10,0,4,0,6,0,0,0,204,35,28,109,25,13,0,0,0,0,0,Normal,0,
C:\Users\Luka\Desktop\New folder\30_project\src\si\alife\mobile\database\BaseDao.java,1,55,27,18,0,82,7,0,2,0,8,0,0,0,125,0,13,50,10,4,0,0,0,0,0,Normal,0,
C:\Users\Luka\Desktop\New folder\30_project\src\si\alife\mobile\database\BaseObject.java,11,42,37,22,47,30,11,3,4,0,5,0,4,11,147,68,45,230,24,24,1,0,1,2,4,Data Manipulation Oriented,1,* Needs more comments. 
C:\Users\Luka\Desktop\New folder\30_project\src\si\alife\mobile\database\DatabaseComponent.java,2,54,28,19,0,79,11,0,5,0,6,0,0,0,68,0,24,78,12,8,0,0,0,0,0,Normal,0,
C:\Users\Luka\Desktop\New folder\30_project\src\si\alife\mobile\database\DatabaseComponentImpl.java,54,44,34,22,40,31,14,1,7,0,6,0,10,27,146,53,54,299,26,132,1,13,14,18,8,Data Manipulation Oriented,1,* Needs more comments. 
C:\Users\Luka\Desktop\New folder\30_project\src\si\alife\mobile\database\DatabaseInitializer.java,19,45,33,22,33,35,16,1,7,0,7,0,7,19,176,56,50,280,26,52,1,3,4,11,2,Normal,1,* Needs more comments. 
C:\Users\Luka\Desktop\New folder\30_project\src\si\alife\mobile\database\Definition.java,42,43,35,22,36,27,20,2,8,0,6,0,18,48,145,53,54,460,33,112,14,7,21,9,6,Normal,1,* Needs more comments. 
C:\Users\Luka\Desktop\New folder\30_project\src\si\alife\mobile\database\DefinitionRecord.java,23,45,33,22,24,34,23,3,9,0,7,0,11,31,153,47,50,419,31,75,7,2,9,10,8,Normal,1,* Needs more comments. 
C:\Users\Luka\Desktop\New folder\30_project\src\si\alife\mobile\database\RecordObject.java,14,42,36,22,45,27,13,5,4,0,5,0,9,25,148,78,45,293,26,31,3,0,3,4,5,Data Manipulation Oriented,1,* Needs more comments. 
C:\Users\Luka\Desktop\New folder\30_project\src\si\alife\mobile\exercises\activities\ExerciseDetailActivity.java,17,47,32,21,26,47,13,0,6,0,6,0,2,7,156,45,36,177,27,36,0,1,1,5,0,Normal,1,* Needs more comments. 
C:\Users\Luka\Desktop\New folder\30_project\src\si\alife\mobile\exercises\activities\ExerciseListActivity.java,10,49,31,20,18,62,10,0,5,0,4,0,15,50,119,47,37,104,26,18,0,3,3,2,0,Normal,0,
C:\Users\Luka\Desktop\New folder\30_project\src\si\alife\mobile\exercises\activities\ExerciseListProvider.java,12,51,30,20,11,62,14,1,5,0,7,0,3,8,175,33,32,141,26,29,0,1,1,2,0,Normal,1,* Needs more comments. 
C:\Users\Luka\Desktop\New folder\30_project\src\si\alife\mobile\exercises\activities\ExercisesActivity.java,32,47,32,21,26,48,13,0,6,0,6,0,10,34,130,51,43,171,24,75,0,8,8,2,23,Normal,1,* Needs more comments. 
C:\Users\Luka\Desktop\New folder\30_project\src\si\alife\mobile\exercises\activities\VideoActivity.java,35,47,32,21,27,47,13,0,6,1,6,0,4,11,165,41,40,171,22,89,0,4,4,23,10,Normal,1,* Needs more comments. 
C:\Users\Luka\Desktop\New folder\30_project\src\si\alife\mobile\exercises\dao\ExercisesDaoComponent.java,7,53,29,19,6,68,17,0,4,1,3,2,36,233,29,42,19,158,30,18,7,0,7,0,8,Normal,0,
C:\Users\Luka\Desktop\New folder\30_project\src\si\alife\mobile\exercises\dao\ExercisesDaoComponentImpl.java,66,41,36,23,51,19,17,1,7,0,5,1,27,92,111,61,54,556,38,131,6,34,36,34,3,Data Manipulation Oriented,0,
C:\Users\Luka\Desktop\New folder\30_project\src\si\alife\mobile\exercises\dao\helper\ExerciseDefinition.java,28,48,31,21,15,41,27,1,8,0,7,0,9,36,92,36,39,415,40,84,0,10,8,24,0,Normal,1,* Needs more comments. 
C:\Users\Luka\Desktop\New folder\30_project\src\si\alife\mobile\exercises\dao\helper\ExerciseDomainDefinition.java,11,50,30,20,9,53,24,0,6,0,7,0,8,30,116,28,33,280,36,34,0,4,3,8,0,Normal,1,* Needs more comments. 
C:\Users\Luka\Desktop\New folder\30_project\src\si\alife\mobile\exercises\vao\Exercise.java,14,49,31,20,7,46,24,7,5,0,11,0,1,3,201,40,28,318,25,60,1,0,1,12,1,Algorithmic Oriented,2,* Needs more comments. * Code structure may be too fragmented. 
C:\Users\Luka\Desktop\New folder\30_project\src\si\alife\mobile\exercises\vao\ExerciseDomain.java,5,51,30,19,6,57,17,6,3,0,9,0,4,10,197,38,25,187,21,20,1,0,1,4,1,Algorithmic Oriented,1,* Code structure may be too fragmented. 
C:\Users\Luka\Desktop\New folder\30_project\src\si\alife\mobile\exerciseshistory\activities\ExerciseHistoryActivity.java,8,51,30,20,13,65,9,0,6,0,7,0,5,11,203,15,34,82,17,19,0,1,1,1,0,Normal,0,
C:\Users\Luka\Desktop\New folder\30_project\src\si\alife\mobile\help\activities\HelpActivity.java,21,51,29,19,9,62,14,2,6,0,6,1,71,210,142,55,37,142,23,58,0,63,42,3,2,Normal,0,
C:\Users\Luka\Desktop\New folder\30_project\src\si\alife\mobile\help\activities\InstructionsActivity.java,31,48,32,21,20,46,18,1,6,0,7,0,2,6,138,33,32,250,28,91,1,1,2,0,12,Normal,1,* Needs more comments. 
C:\Users\Luka\Desktop\New folder\30_project\src\si\alife\mobile\help\activities\InstructionsPageFragment.java,19,51,30,19,6,65,17,0,6,0,6,0,1,8,71,53,31,163,22,64,0,1,1,3,10,Normal,1,* Needs more comments. 
C:\Users\Luka\Desktop\New folder\30_project\src\si\alife\mobile\help\activities\MoreAboutScreen.java,6,53,28,19,1,75,11,0,4,0,8,0,0,0,191,13,25,93,20,14,0,0,0,0,0,Normal,1,* Code structure may be too fragmented. 
C:\Users\Luka\Desktop\New folder\30_project\src\si\alife\mobile\help\activities\MoreCopyrightActivity.java,7,51,29,19,9,67,11,0,6,0,7,0,0,0,198,20,33,100,24,14,0,0,0,0,0,Normal,0,
C:\Users\Luka\Desktop\New folder\30_project\src\si\alife\mobile\help\activities\MoreTabActivity.java,21,48,31,21,20,48,19,0,7,0,6,0,0,0,130,45,38,242,38,45,0,0,0,2,5,Normal,1,* Needs more comments. 
C:\Users\Luka\Desktop\New folder\30_project\src\si\alife\mobile\measurements\activities\graph\BloodPressureGraphFragment.java,21,48,31,21,23,52,13,0,6,0,5,0,0,0,110,52,47,155,34,35,0,1,0,10,1,Normal,1,* Needs more comments. 
C:\Users\Luka\Desktop\New folder\30_project\src\si\alife\mobile\measurements\activities\graph\BloodSugarGraphFragment.java,22,48,31,21,24,46,14,2,7,1,7,0,0,0,149,29,48,196,31,46,0,1,0,32,9,Normal,1,* Needs more comments. 
C:\Users\Luka\Desktop\New folder\30_project\src\si\alife\mobile\measurements\activities\graph\BodyFatGraphFragment.java,17,49,30,21,23,57,10,1,5,0,5,0,3,7,171,46,42,109,28,27,1,0,1,2,1,Normal,1,* Needs more comments. 
C:\Users\Luka\Desktop\New folder\30_project\src\si\alife\mobile\measurements\activities\graph\GraphActivity.java,26,47,32,21,23,46,17,1,7,0,6,0,0,0,135,34,35,235,27,74,0,0,0,0,6,Normal,1,* Needs more comments. 
C:\Users\Luka\Desktop\New folder\30_project\src\si\alife\mobile\measurements\activities\graph\GraphFragment.java,30,49,31,20,18,51,16,1,7,0,7,0,1,3,156,29,41,201,26,85,1,0,1,9,14,Normal,1,* Needs more comments. 
C:\Users\Luka\Desktop\New folder\30_project\src\si\alife\mobile\measurements\activities\graph\WeightGraphFragment.java,25,50,30,20,16,52,16,2,8,1,6,0,2,6,110,36,48,188,36,48,1,1,1,25,10,Normal,1,* Needs more comments. 
C:\Users\Luka\Desktop\New folder\30_project\src\si\alife\mobile\measurements\activities\MeasurementBloodPressureActivity.java,77,46,33,21,27,40,18,2,8,0,6,0,2,8,115,54,43,290,37,167,0,4,4,20,10,Normal,1,* Needs more comments. 
C:\Users\Luka\Desktop\New folder\30_project\src\si\alife\mobile\measurements\activities\MeasurementBloodPressureGraphActivity.java,6,50,30,19,14,65,10,0,4,0,7,0,0,0,176,18,29,89,16,15,0,0,0,1,2,Normal,0,
C:\Users\Luka\Desktop\New folder\30_project\src\si\alife\mobile\measurements\activities\MeasurementBloodSugarActivity.java,66,47,32,21,24,45,16,1,7,0,6,0,2,6,128,46,43,230,34,142,0,3,3,11,6,Normal,1,* Needs more comments. 
C:\Users\Luka\Desktop\New folder\30_project\src\si\alife\mobile\measurements\activities\MeasurementBloodSugarGraphActivity.java,4,53,29,18,4,77,8,0,3,0,8,0,0,0,207,0,21,64,14,10,0,0,0,0,1,Normal,1,* Code structure may be too fragmented. 
C:\Users\Luka\Desktop\New folder\30_project\src\si\alife\mobile\measurements\activities\MeasurementCreateActivity.java,16,47,32,21,25,51,12,0,5,0,7,0,0,0,240,33,38,149,23,38,0,0,0,1,1,Normal,1,* Needs more comments. 
C:\Users\Luka\Desktop\New folder\30_project\src\si\alife\mobile\measurements\activities\MeasurementMaxPulseActivity.java,46,48,31,21,20,51,16,1,6,0,6,0,0,0,126,38,41,191,32,98,0,0,0,8,4,Normal,1,* Needs more comments. 
C:\Users\Luka\Desktop\New folder\30_project\src\si\alife\mobile\measurements\activities\MeasurementMorningActivity.java,122,45,34,22,32,34,18,2,7,0,7,0,0,3,146,51,42,346,33,301,0,3,3,27,36,Normal,1,* Needs more comments. 
C:\Users\Luka\Desktop\New folder\30_project\src\si\alife\mobile\measurements\activities\MeasurementMorningGraphActivity.java,15,45,34,21,35,43,11,0,5,0,6,0,0,0,192,41,40,159,22,33,0,0,0,1,9,Normal,1,* Needs more comments. 
C:\Users\Luka\Desktop\New folder\30_project\src\si\alife\mobile\measurements\activities\MeasurementPerformActivity.java,15,52,29,19,5,63,19,0,7,0,6,0,12,55,83,48,36,184,33,38,0,7,5,1,0,Normal,1,* Needs more comments. 
C:\Users\Luka\Desktop\New folder\30_project\src\si\alife\mobile\measurements\activities\MeasurementPerformActivityNew.java,2,54,27,18,0,80,10,0,2,0,8,0,0,0,222,0,16,71,20,4,0,0,0,0,0,Normal,1,* Code structure may be too fragmented. 
C:\Users\Luka\Desktop\New folder\30_project\src\si\alife\mobile\measurements\activities\MeasurementsMenuActivity.java,18,50,30,20,13,64,12,0,5,0,6,0,0,0,169,28,40,114,24,38,0,0,0,0,2,Normal,1,* Needs more comments. 
C:\Users\Luka\Desktop\New folder\30_project\src\si\alife\mobile\measurements\activities\MeasurementsMenuActivityListProvider.java,10,50,30,19,14,64,10,2,5,0,6,0,0,0,171,40,35,102,33,14,0,0,0,3,1,Normal,0,
C:\Users\Luka\Desktop\New folder\30_project\src\si\alife\mobile\measurements\activities\MeasurementVariabilityActivity.java,73,46,32,22,27,38,19,0,8,0,7,0,8,24,141,47,46,327,34,185,0,16,15,16,17,Normal,1,* Needs more comments. 
C:\Users\Luka\Desktop\New folder\30_project\src\si\alife\mobile\measurements\activities\MeasurementWeightActivity.java,93,47,32,21,25,41,19,2,8,0,6,0,1,5,127,52,42,289,35,219,0,4,4,19,14,Normal,1,* Needs more comments. 
C:\Users\Luka\Desktop\New folder\30_project\src\si\alife\mobile\measurements\activities\MeasurementWeightGraphActivity.java,10,48,32,20,22,56,10,0,4,0,7,0,0,0,223,13,34,114,21,21,0,0,0,0,4,Normal,1,* Needs more comments. 
C:\Users\Luka\Desktop\New folder\30_project\src\si\alife\mobile\measurements\dao\helper\MeasurementDefinition.java,34,48,31,21,13,41,27,3,9,1,8,0,0,3,117,44,43,413,36,112,1,0,1,26,15,Normal,1,* Needs more comments. 
C:\Users\Luka\Desktop\New folder\30_project\src\si\alife\mobile\measurements\dao\helper\MeasurementModelDefinition.java,18,47,32,21,20,42,22,1,7,0,7,0,7,21,141,40,41,332,33,54,0,5,4,10,3,Normal,1,* Needs more comments. 
C:\Users\Luka\Desktop\New folder\30_project\src\si\alife\mobile\measurements\dao\helper\MeasurementModelPartDefinition.java,21,49,31,21,12,46,25,1,8,0,8,0,4,13,126,34,40,335,35,66,0,4,3,15,1,Normal,1,* Needs more comments. 
C:\Users\Luka\Desktop\New folder\30_project\src\si\alife\mobile\measurements\dao\helper\MeasurementPartDefinition.java,17,49,31,20,11,51,21,1,7,0,7,0,6,17,134,32,38,260,33,49,0,4,3,10,1,Normal,1,* Needs more comments. 
C:\Users\Luka\Desktop\New folder\30_project\src\si\alife\mobile\measurements\dao\MeasurementDaoComponent.java,17,50,31,19,13,63,16,0,4,0,4,1,24,109,62,6,33,158,25,49,11,1,12,0,0,Normal,0,
C:\Users\Luka\Desktop\New folder\30_project\src\si\alife\mobile\measurements\dao\MeasurementDaoComponentImpl.java,142,42,35,23,43,22,21,0,7,0,6,0,5,15,151,53,52,591,35,376,0,22,22,10,24,Data Manipulation Oriented,1,* Needs more comments. 
C:\Users\Luka\Desktop\New folder\30_project\src\si\alife\mobile\measurements\fagments\BackPressedWarningDialog.java,8,51,30,20,10,63,13,0,4,0,9,0,0,0,279,9,31,133,24,20,0,0,0,0,1,Normal,1,* Code structure may be too fragmented. 
C:\Users\Luka\Desktop\New folder\30_project\src\si\alife\mobile\measurements\fagments\TimestampFragment.java,30,49,31,21,11,48,24,0,7,0,9,0,0,0,159,30,35,316,31,107,0,0,0,4,0,Normal,1,* Needs more comments. 
C:\Users\Luka\Desktop\New folder\30_project\src\si\alife\mobile\measurements\fagments\ValueFragment.java,46,45,33,21,31,40,17,0,6,0,7,0,0,0,171,36,37,270,30,116,0,0,0,5,0,Normal,1,* Needs more comments. 
C:\Users\Luka\Desktop\New folder\30_project\src\si\alife\mobile\measurements\rr\activities\RRActivity.java,117,44,34,22,36,30,19,0,7,0,8,0,1,3,182,31,41,392,30,319,0,4,4,5,29,Normal,1,* Needs more comments. 
C:\Users\Luka\Desktop\New folder\30_project\src\si\alife\mobile\measurements\rr\activities\RRManagedFragment.java,11,48,31,20,19,53,16,0,6,0,6,0,0,0,135,40,28,190,32,24,0,0,0,2,2,Normal,1,* Needs more comments. 
C:\Users\Luka\Desktop\New folder\30_project\src\si\alife\mobile\measurements\rr\activities\RRPreferenceActivity.java,3,54,28,18,0,83,7,0,2,0,8,0,0,0,187,0,13,50,14,6,0,0,0,0,0,Normal,0,
C:\Users\Luka\Desktop\New folder\30_project\src\si\alife\mobile\measurements\rr\activities\RRTimeFragment.java,20,47,32,21,24,45,19,0,5,0,6,0,0,0,131,42,29,267,31,55,0,0,0,4,4,Normal,1,* Needs more comments. 
C:\Users\Luka\Desktop\New folder\30_project\src\si\alife\mobile\measurements\rr\activities\SeekBarPreference.java,38,47,32,21,25,43,18,2,6,0,6,0,5,16,149,58,41,255,29,102,1,5,6,17,10,Normal,1,* Needs more comments. 
C:\Users\Luka\Desktop\New folder\30_project\src\si\alife\mobile\measurements\rr\BackgroundComponent.java,1,54,27,18,0,74,10,0,2,0,13,0,0,0,322,0,11,80,16,4,0,0,0,0,0,Normal,1,* Code structure may be too fragmented. 
C:\Users\Luka\Desktop\New folder\30_project\src\si\alife\mobile\measurements\rr\BackgroundComponentException.java,3,53,28,19,0,60,20,3,5,0,12,0,0,0,215,16,28,192,22,11,0,0,0,0,1,Normal,1,* Code structure may be too fragmented. 
C:\Users\Luka\Desktop\New folder\30_project\src\si\alife\mobile\measurements\rr\BackgroundComponentService.java,5,52,29,19,3,72,12,0,4,0,8,0,0,0,186,17,26,103,18,16,0,0,0,2,2,Normal,1,* Code structure may be too fragmented. 
C:\Users\Luka\Desktop\New folder\30_project\src\si\alife\mobile\measurements\rr\RRComponent.java,12,53,28,19,0,79,13,0,5,0,4,0,0,0,49,20,26,100,16,42,0,0,0,0,9,Normal,1,* Needs more comments. 
C:\Users\Luka\Desktop\New folder\30_project\src\si\alife\mobile\measurements\rr\RRComponentImpl.java,90,44,34,22,37,31,17,1,6,0,6,0,1,3,145,47,47,347,27,256,0,3,3,20,17,Normal,1,* Needs more comments. 
C:\Users\Luka\Desktop\New folder\30_project\src\si\alife\mobile\measurements\rr\RRService.java,14,51,30,20,11,62,15,2,5,0,6,0,0,0,130,37,38,149,27,34,0,0,0,3,6,Normal,1,* Needs more comments. 
C:\Users\Luka\Desktop\New folder\30_project\src\si\alife\mobile\measurements\util\RangeException.java,1,54,28,18,0,77,11,0,2,0,11,0,0,0,222,0,11,80,16,4,0,0,0,0,0,Normal,1,* Code structure may be too fragmented. 
C:\Users\Luka\Desktop\New folder\30_project\src\si\alife\mobile\measurements\vao\Measurement.java,12,48,32,20,18,49,16,5,4,0,7,0,5,11,195,48,34,200,24,36,2,0,2,8,1,Normal,1,* Needs more comments. 
C:\Users\Luka\Desktop\New folder\30_project\src\si\alife\mobile\measurements\vao\MeasurementModel.java,7,48,32,20,19,46,20,1,5,0,9,1,17,38,195,34,29,269,24,28,2,3,5,1,1,Normal,2,* Needs more comments. * Code structure may be too fragmented. 
C:\Users\Luka\Desktop\New folder\30_project\src\si\alife\mobile\measurements\vao\MeasurementModelPart.java,6,50,30,20,6,55,22,1,4,0,11,1,20,46,196,27,24,240,22,28,2,4,6,1,1,Normal,2,* Needs more comments. * Code structure may be too fragmented. 
C:\Users\Luka\Desktop\New folder\30_project\src\si\alife\mobile\measurements\vao\MeasurementPart.java,7,50,30,20,6,53,21,4,4,0,11,0,9,21,200,32,27,250,22,30,2,1,3,3,1,Normal,2,* Needs more comments. * Code structure may be too fragmented. 
C:\Users\Luka\Desktop\New folder\30_project\src\si\alife\mobile\measurementshistory\activities\MeasurementHistoryActivity.java,11,53,28,19,2,74,12,0,7,0,5,0,0,0,102,26,36,100,20,29,0,0,0,2,0,Normal,1,* Needs more comments. 
C:\Users\Luka\Desktop\New folder\30_project\src\si\alife\mobile\measurementshistory\activities\MeasurementHistoryBloodPressureActivity.java,19,49,31,20,16,56,15,0,6,0,7,0,0,0,127,24,35,169,29,44,0,0,0,4,0,Normal,1,* Needs more comments. 
C:\Users\Luka\Desktop\New folder\30_project\src\si\alife\mobile\measurementshistory\activities\MeasurementHistoryBloodSugarActivity.java,15,51,30,20,12,65,10,0,6,0,7,0,0,0,202,18,36,98,21,31,0,0,0,2,0,Normal,1,* Needs more comments. 
C:\Users\Luka\Desktop\New folder\30_project\src\si\alife\mobile\measurementshistory\activities\MeasurementHistoryBodyWeightActivity.java,31,50,30,20,12,55,18,0,8,0,7,0,0,0,109,29,37,209,31,81,0,0,0,10,0,Normal,1,* Needs more comments. 
C:\Users\Luka\Desktop\New folder\30_project\src\si\alife\mobile\measurementshistory\activities\MeasurementHistoryMaxPulseActivity.java,8,52,29,19,9,73,9,0,4,0,6,0,0,0,145,22,28,74,19,17,0,0,0,1,0,Normal,0,
C:\Users\Luka\Desktop\New folder\30_project\src\si\alife\mobile\measurementshistory\activities\MeasurementHistoryMorningActivity.java,29,48,32,21,20,46,20,0,7,0,7,0,0,0,109,32,35,273,30,85,0,0,0,6,0,Normal,1,* Needs more comments. 
C:\Users\Luka\Desktop\New folder\30_project\src\si\alife\mobile\measurementshistory\activities\MeasurementHistoryVariabilityActivity.java,24,49,30,21,16,51,18,0,8,0,7,0,3,11,110,46,36,218,30,62,0,2,2,10,2,Normal,1,* Needs more comments. 
C:\Users\Luka\Desktop\New folder\30_project\src\si\alife\mobile\measurementshistory\activities\MeasurementRRHistoryActivity.java,16,49,31,20,18,53,17,0,6,0,6,0,0,0,92,28,32,198,32,37,0,0,0,4,0,Normal,1,* Needs more comments. 
C:\Users\Luka\Desktop\New folder\30_project\src\si\alife\mobile\measurementshistory\activities\MeasurementsHistoryListActivity.java,24,48,32,20,22,56,11,0,5,0,5,0,0,0,174,35,42,127,26,47,0,0,0,3,2,Normal,1,* Needs more comments. 
C:\Users\Luka\Desktop\New folder\30_project\src\si\alife\mobile\measurementshistory\activities\MeasurementsHistoryListProvider.java,12,51,30,19,10,64,14,0,5,0,6,0,0,0,122,38,29,139,30,25,0,0,0,0,0,Normal,1,* Needs more comments. 
C:\Users\Luka\Desktop\New folder\30_project\src\si\alife\mobile\measurementshistory\activities\MeasurementsHistoryListProviderNew.java,67,44,34,22,38,29,20,1,6,0,6,0,0,0,126,66,41,443,51,119,0,0,0,14,9,Normal,1,* Needs more comments. 
C:\Users\Luka\Desktop\New folder\30_project\src\si\alife\mobile\notifications\activities\TextNotificationActivity.java,11,50,30,20,16,60,11,0,6,0,7,0,0,0,180,31,34,119,21,28,0,0,0,1,0,Normal,1,* Needs more comments. 
C:\Users\Luka\Desktop\New folder\30_project\src\si\alife\mobile\notifications\dao\helper\NotificationDefinition.java,35,47,32,21,20,35,26,2,9,0,8,0,0,0,142,41,44,457,39,102,0,0,0,27,2,Normal,1,* Needs more comments. 
C:\Users\Luka\Desktop\New folder\30_project\src\si\alife\mobile\notifications\dao\NotificationsDaoComponent.java,5,52,29,19,7,72,13,0,4,0,3,0,0,0,38,0,25,113,22,14,0,0,0,0,0,Normal,0,
C:\Users\Luka\Desktop\New folder\30_project\src\si\alife\mobile\notifications\dao\NotificationsDaoComponentImpl.java,30,45,33,22,29,34,22,0,7,0,7,0,2,5,142,41,42,410,32,94,0,2,2,2,1,Normal,1,* Needs more comments. 
C:\Users\Luka\Desktop\New folder\30_project\src\si\alife\mobile\notifications\NotificationBootReceiver.java,3,54,28,18,0,81,10,0,3,0,7,0,0,0,150,12,26,71,18,7,0,0,0,2,0,Normal,0,
C:\Users\Luka\Desktop\New folder\30_project\src\si\alife\mobile\notifications\NotificationComponent.java,4,54,27,18,0,78,12,0,4,1,4,1,42,200,41,35,21,95,16,13,6,0,6,4,1,Normal,0,
C:\Users\Luka\Desktop\New folder\30_project\src\si\alife\mobile\notifications\NotificationComponentImpl.java,81,45,33,22,30,33,21,1,7,0,7,0,4,14,147,50,48,416,38,205,1,10,10,30,19,Normal,1,* Needs more comments. 
C:\Users\Luka\Desktop\New folder\30_project\src\si\alife\mobile\notifications\NotificationReceiver.java,3,54,28,18,0,79,10,0,3,0,7,0,0,0,146,12,25,78,18,7,0,0,0,2,0,Normal,0,
C:\Users\Luka\Desktop\New folder\30_project\src\si\alife\mobile\notifications\NotificationService.java,3,53,28,19,0,73,12,0,6,0,9,0,0,0,183,16,26,100,16,11,0,0,0,1,0,Normal,1,* Code structure may be too fragmented. 
C:\Users\Luka\Desktop\New folder\30_project\src\si\alife\mobile\notifications\NotificationUtility.java,10,46,33,21,29,44,14,0,5,0,7,0,0,0,208,64,42,203,39,16,0,0,0,0,0,Normal,0,
C:\Users\Luka\Desktop\New folder\30_project\src\si\alife\mobile\notifications\vao\Notification.java,8,50,30,20,6,54,22,4,4,1,9,0,0,0,171,41,23,254,24,35,0,0,0,9,1,Normal,2,* Needs more comments. * Code structure may be too fragmented. 
C:\Users\Luka\Desktop\New folder\30_project\src\si\alife\mobile\programme\activities\AerobicListActivity.java,90,45,34,22,34,36,16,1,7,0,6,0,1,4,148,49,50,276,31,203,0,3,3,9,31,Normal,1,* Needs more comments. 
C:\Users\Luka\Desktop\New folder\30_project\src\si\alife\mobile\programme\activities\AerobicListProvider.java,109,43,34,22,37,24,23,1,7,0,8,0,3,9,167,51,43,624,44,257,0,10,9,8,28,Normal,1,* Needs more comments. 
C:\Users\Luka\Desktop\New folder\30_project\src\si\alife\mobile\programme\activities\ClickListenerDelegate.java,2,55,28,18,0,87,7,0,1,0,5,0,0,0,150,0,21,43,17,3,0,0,0,0,0,Normal,0,
C:\Users\Luka\Desktop\New folder\30_project\src\si\alife\mobile\programme\activities\ExercisesListActivity.java,196,44,34,22,33,21,23,4,10,0,8,0,12,33,157,62,54,712,38,534,7,71,68,6,83,Normal,1,* Needs more comments. 
C:\Users\Luka\Desktop\New folder\30_project\src\si\alife\mobile\programme\activities\ExercisesListProvider.java,117,45,33,22,25,27,30,0,9,0,8,0,1,5,117,51,33,693,44,352,0,7,5,4,64,Normal,1,* Needs more comments. 
C:\Users\Luka\Desktop\New folder\30_project\src\si\alife\mobile\programme\activities\helper\FitnessHelper.java,34,49,30,21,15,33,27,2,12,3,8,0,2,11,57,25,39,521,24,174,6,2,4,47,32,Data I/O Oriented,1,* Needs more comments. 
C:\Users\Luka\Desktop\New folder\30_project\src\si\alife\mobile\programme\activities\ListItemWrapper.java,6,49,31,20,7,52,25,0,5,0,12,0,0,0,194,21,25,296,23,31,0,0,0,0,0,Normal,2,* Needs more comments. * Code structure may be too fragmented. 
C:\Users\Luka\Desktop\New folder\30_project\src\si\alife\mobile\programme\activities\ListViewItemData.java,5,47,33,20,24,46,18,0,4,0,8,0,0,0,195,31,33,233,26,15,0,0,0,0,0,Normal,0,
C:\Users\Luka\Desktop\New folder\30_project\src\si\alife\mobile\programme\activities\ProgrammeListHeader.java,19,44,35,21,30,32,23,1,5,0,8,0,0,0,160,41,35,435,26,74,0,0,0,0,5,Normal,1,* Needs more comments. 
C:\Users\Luka\Desktop\New folder\30_project\src\si\alife\mobile\programme\activities\PsychologicalExerciseActivity.java,50,48,31,21,19,49,17,0,8,0,7,0,2,6,150,39,40,226,30,129,0,3,3,8,8,Normal,1,* Needs more comments. 
C:\Users\Luka\Desktop\New folder\30_project\src\si\alife\mobile\programme\dao\helper\UnitMainPartAerobicDefinition.java,31,46,33,21,24,37,23,1,8,0,7,0,2,7,124,40,44,384,34,90,2,0,2,18,8,Normal,1,* Needs more comments. 
C:\Users\Luka\Desktop\New folder\30_project\src\si\alife\mobile\programme\dao\helper\UnitMainPartAerobicIntervalDefinition.java,37,48,31,21,16,38,28,1,9,0,7,0,0,4,82,34,38,461,43,108,1,0,1,31,2,Normal,1,* Needs more comments. 
C:\Users\Luka\Desktop\New folder\30_project\src\si\alife\mobile\programme\dao\helper\UnitMainPartExercisesDefinition.java,26,47,33,21,21,41,22,1,7,0,7,0,2,9,121,38,43,342,34,74,2,0,2,14,5,Normal,1,* Needs more comments. 
C:\Users\Luka\Desktop\New folder\30_project\src\si\alife\mobile\programme\dao\helper\UnitMainPartExerciseStationDefinition.java,30,49,31,20,10,45,28,1,9,1,8,0,1,4,88,30,38,396,39,97,1,0,1,29,3,Normal,1,* Needs more comments. 
C:\Users\Luka\Desktop\New folder\30_project\src\si\alife\mobile\programme\dao\helper\UserProgramDefinition.java,31,47,32,21,20,40,23,1,8,0,7,0,0,0,112,36,41,363,35,93,0,0,0,21,8,Normal,1,* Needs more comments. 
C:\Users\Luka\Desktop\New folder\30_project\src\si\alife\mobile\programme\dao\helper\UserProgramUnitDefinition.java,85,46,32,22,23,27,28,5,9,1,7,0,1,4,105,54,46,666,43,246,3,0,3,92,18,Normal,1,* Needs more comments. 
C:\Users\Luka\Desktop\New folder\30_project\src\si\alife\mobile\programme\dao\helper\UserProgramUnitExerciseDefinition.java,20,49,31,20,13,48,23,1,7,0,7,0,0,0,117,33,39,301,36,58,0,0,0,15,1,Normal,1,* Needs more comments. 
C:\Users\Luka\Desktop\New folder\30_project\src\si\alife\mobile\programme\dao\ProgrammeDaoComponent.java,13,50,31,19,18,59,15,0,4,0,2,2,76,575,18,0,32,157,31,29,23,0,23,0,0,Normal,0,
C:\Users\Luka\Desktop\New folder\30_project\src\si\alife\mobile\programme\dao\ProgrammeDaoComponentImpl.java,169,42,35,23,43,21,22,0,7,0,6,0,9,25,131,50,54,661,36,454,0,46,41,16,29,Data Manipulation Oriented,1,* Needs more comments. 
C:\Users\Luka\Desktop\New folder\30_project\src\si\alife\mobile\programme\utility\ProgramDurationUtility.java,19,45,34,21,39,38,9,4,5,0,5,0,0,0,159,91,54,142,22,34,0,0,0,5,6,Data Manipulation Oriented,1,* Needs more comments. 
C:\Users\Luka\Desktop\New folder\30_project\src\si\alife\mobile\programme\utility\ProgramUtility.java,43,41,37,22,51,27,11,0,5,0,7,0,0,0,249,57,58,255,27,75,0,0,0,1,6,Data Manipulation Oriented,1,* Needs more comments. 
C:\Users\Luka\Desktop\New folder\30_project\src\si\alife\mobile\programme\vao\UnitMainPartAerobic.java,36,44,34,22,35,28,20,1,8,0,7,0,14,36,153,56,43,455,27,117,2,15,17,5,20,Normal,1,* Needs more comments. 
C:\Users\Luka\Desktop\New folder\30_project\src\si\alife\mobile\programme\vao\UnitMainPartAerobicInterval.java,32,47,32,20,19,36,21,8,7,0,9,1,21,55,170,72,41,371,25,118,1,25,26,26,7,Algorithmic Oriented,1,* Needs more comments. 
C:\Users\Luka\Desktop\New folder\30_project\src\si\alife\mobile\programme\vao\UnitMainPartExercises.java,32,42,35,22,41,22,15,5,10,0,6,0,13,29,153,89,58,424,24,91,2,10,12,4,23,Data Manipulation Oriented,1,* Needs more comments. 
C:\Users\Luka\Desktop\New folder\30_project\src\si\alife\mobile\programme\vao\UnitMainPartExercisesStation.java,15,49,31,20,7,52,24,0,5,0,11,1,19,43,195,22,24,289,23,70,1,13,14,2,1,Normal,2,* Needs more comments. * Code structure may be too fragmented. 
C:\Users\Luka\Desktop\New folder\30_project\src\si\alife\mobile\programme\vao\UserProgram.java,11,48,32,20,15,49,21,1,4,0,9,0,27,66,174,36,26,268,25,43,1,11,12,5,1,Normal,0,
C:\Users\Luka\Desktop\New folder\30_project\src\si\alife\mobile\programme\vao\UserProgramUnit.java,40,44,35,21,33,33,20,1,5,0,8,0,15,36,183,38,35,371,26,134,1,20,21,0,8,Normal,1,* Needs more comments. 
C:\Users\Luka\Desktop\New folder\30_project\src\si\alife\mobile\programme\vao\UserProgramUnitExercise.java,12,49,31,20,10,47,25,1,6,0,11,0,1,4,190,29,29,330,24,56,1,0,1,0,4,Normal,2,* Needs more comments. * Code structure may be too fragmented. 
C:\Users\Luka\Desktop\New folder\30_project\src\si\alife\mobile\questionnaires\activities\QuestionnaireAnswerActivity.java,68,47,32,21,16,41,18,7,12,1,6,0,7,25,116,71,47,278,30,178,3,11,14,11,80,Algorithmic Oriented,1,* Needs more comments. 
C:\Users\Luka\Desktop\New folder\30_project\src\si\alife\mobile\questionnaires\activities\QuestionnaireStartActivity.java,13,52,29,19,6,71,11,0,6,0,6,0,0,0,142,24,35,97,23,28,0,0,0,0,1,Normal,1,* Needs more comments. 
C:\Users\Luka\Desktop\New folder\30_project\src\si\alife\mobile\questionnaires\activities\QuestionnaireStressMeterActivity.java,16,52,29,19,1,62,19,3,8,1,6,0,9,38,94,45,36,193,28,50,0,5,5,9,12,Normal,1,* Needs more comments. 
C:\Users\Luka\Desktop\New folder\30_project\src\si\alife\mobile\questionnaires\activities\QuestionnaireTabsActivity.java,15,52,29,19,5,70,14,0,6,0,6,0,2,9,138,29,33,124,27,33,0,1,1,1,0,Normal,1,* Needs more comments. 
C:\Users\Luka\Desktop\New folder\30_project\src\si\alife\mobile\questionnaires\activities\Rotate3dAnimation.java,11,52,29,19,5,57,20,6,5,0,6,1,5,20,90,59,35,221,27,36,2,0,2,0,5,Algorithmic Oriented,1,* Needs more comments. 
C:\Users\Luka\Desktop\New folder\30_project\src\si\alife\mobile\questionnaires\dao\helper\QuestionDefinition.java,17,48,32,21,20,47,19,2,6,0,6,0,11,33,126,40,39,253,33,43,0,6,5,9,0,Normal,1,* Needs more comments. 
C:\Users\Luka\Desktop\New folder\30_project\src\si\alife\mobile\questionnaires\dao\helper\QuestionnaireDefinition.java,13,50,31,20,10,52,23,0,7,0,7,0,8,30,112,24,35,275,36,36,0,4,3,8,1,Normal,1,* Needs more comments. 
C:\Users\Luka\Desktop\New folder\30_project\src\si\alife\mobile\questionnaires\dao\helper\QuestionnaireResultDefinition.java,26,50,30,20,7,49,27,0,9,1,8,0,2,11,80,30,38,345,38,82,0,2,2,31,3,Normal,1,* Needs more comments. 
C:\Users\Luka\Desktop\New folder\30_project\src\si\alife\mobile\questionnaires\dao\QuestionnaireDaoComponent.java,8,51,30,19,9,74,10,1,3,0,3,0,0,0,30,10,32,82,19,19,0,0,0,0,1,Normal,0,
C:\Users\Luka\Desktop\New folder\30_project\src\si\alife\mobile\questionnaires\dao\QuestionnaireDaoComponentImpl.java,77,46,32,22,23,31,28,1,10,0,8,0,4,19,85,33,45,572,37,262,0,17,12,4,31,Normal,1,* Needs more comments. 
C:\Users\Luka\Desktop\New folder\30_project\src\si\alife\mobile\questionnaires\vao\Question.java,3,51,30,19,5,63,17,2,3,0,10,0,0,0,188,28,20,161,20,13,0,0,0,0,1,Normal,1,* Code structure may be too fragmented. 
C:\Users\Luka\Desktop\New folder\30_project\src\si\alife\mobile\questionnaires\vao\Questionnaire.java,5,49,31,20,11,55,19,0,4,0,10,0,0,0,173,33,26,208,20,23,0,0,0,2,2,Normal,2,* Needs more comments. * Code structure may be too fragmented. 
C:\Users\Luka\Desktop\New folder\30_project\src\si\alife\mobile\questionnaires\vao\QuestionnaireResult.java,25,44,35,21,35,32,17,3,5,0,7,0,3,9,171,51,38,335,24,81,0,3,3,8,7,Normal,1,* Needs more comments. 
C:\Users\Luka\Desktop\New folder\30_project\src\si\alife\mobile\questionnaires\vao\RangeQuestion.java,6,50,30,20,7,56,22,0,4,0,11,0,0,0,196,20,22,240,22,28,0,0,0,0,1,Normal,2,* Needs more comments. * Code structure may be too fragmented. 
C:\Users\Luka\Desktop\New folder\30_project\src\si\alife\mobile\questionnaires\vao\SingleChoiceQuestion.java,8,46,33,21,28,46,15,1,4,0,6,0,0,0,164,42,39,196,28,18,0,0,0,0,1,Normal,0,
C:\Users\Luka\Desktop\New folder\30_project\src\si\alife\mobile\sensors\impl\AltitudeSensorImpl.java,33,48,31,21,11,43,28,0,8,0,9,0,6,21,119,29,42,414,30,140,8,1,9,6,1,Normal,1,* Needs more comments. 
C:\Users\Luka\Desktop\New folder\30_project\src\si\alife\mobile\sensors\impl\bluetooth\BluetoothConnectionManager.java,27,48,31,21,19,39,23,0,7,0,10,1,23,61,165,27,36,375,24,115,10,17,27,19,0,Normal,0,
C:\Users\Luka\Desktop\New folder\30_project\src\si\alife\mobile\sensors\impl\bluetooth\BluetoothSensorManager.java,37,44,34,22,36,35,15,0,6,0,7,1,21,54,167,40,48,267,22,110,2,22,24,11,5,Normal,1,* Needs more comments. 
C:\Users\Luka\Desktop\New folder\30_project\src\si\alife\mobile\sensors\impl\bluetooth\MessageParser.java,3,52,30,19,0,74,8,0,11,0,5,2,14,50,90,0,23,66,17,6,1,0,1,0,0,Data I/O Oriented,0,
C:\Users\Luka\Desktop\New folder\30_project\src\si\alife\mobile\sensors\impl\bluetooth\polar\PolarConnectionManager.java,21,43,36,21,41,28,9,7,8,1,5,0,22,54,158,96,68,195,16,52,0,12,12,3,31,Algorithmic Oriented,1,* Needs more comments. 
C:\Users\Luka\Desktop\New folder\30_project\src\si\alife\mobile\sensors\impl\bluetooth\polar\PolarMessageParser.java,16,45,35,21,26,32,10,13,13,1,4,1,12,30,131,75,56,192,22,32,4,0,4,0,37,Algorithmic Oriented,1,* Needs more comments. 
C:\Users\Luka\Desktop\New folder\30_project\src\si\alife\mobile\sensors\impl\bluetooth\polar\PolarRRSensorManager.java,24,46,33,21,25,33,18,6,11,1,6,0,0,0,125,63,51,331,30,62,0,0,0,36,19,Algorithmic Oriented,1,* Needs more comments. 
C:\Users\Luka\Desktop\New folder\30_project\src\si\alife\mobile\sensors\impl\bluetooth\polar\PolarSensorData.java,15,44,35,21,24,32,24,1,10,0,9,1,13,34,170,41,38,460,27,57,8,0,8,0,6,Normal,1,* Needs more comments. 
C:\Users\Luka\Desktop\New folder\30_project\src\si\alife\mobile\sensors\impl\bluetooth\polar\PolarSensorManager.java,25,46,33,22,28,35,19,0,8,1,8,0,2,7,167,28,46,339,29,73,2,0,2,33,6,Normal,1,* Needs more comments. 
C:\Users\Luka\Desktop\New folder\30_project\src\si\alife\mobile\sensors\impl\bluetooth\SensorManager.java,12,50,30,20,13,53,19,1,6,0,7,1,36,114,119,43,30,227,24,43,11,5,16,2,9,Normal,0,
C:\Users\Luka\Desktop\New folder\30_project\src\si\alife\mobile\sensors\impl\bluetooth\SensorManagerFactory.java,11,47,33,21,26,41,18,1,6,0,7,1,10,28,143,42,45,278,23,39,4,0,4,3,6,Normal,1,* Needs more comments. 
C:\Users\Luka\Desktop\New folder\30_project\src\si\alife\mobile\sensors\impl\CaloriesSensorImpl.java,24,49,31,20,14,46,22,3,6,0,8,1,38,103,163,44,39,296,27,84,6,36,33,2,9,Normal,0,
C:\Users\Luka\Desktop\New folder\30_project\src\si\alife\mobile\sensors\impl\DistanceSensorImpl.java,22,49,31,20,11,51,22,2,6,0,8,0,15,46,138,43,37,279,24,93,10,5,15,1,5,Normal,1,* Needs more comments. 
C:\Users\Luka\Desktop\New folder\30_project\src\si\alife\mobile\sensors\impl\HRSensor\AddressableDevice.java,16,46,33,21,32,41,15,0,5,0,7,0,11,22,203,41,37,224,30,35,1,3,4,3,0,Normal,1,* Needs more comments. 
C:\Users\Luka\Desktop\New folder\30_project\src\si\alife\mobile\sensors\impl\HRSensor\BTConnector.java,7,49,31,20,17,57,12,0,6,0,8,0,0,0,203,26,36,133,21,18,0,0,0,4,0,Normal,0,
C:\Users\Luka\Desktop\New folder\30_project\src\si\alife\mobile\sensors\impl\HRSensor\HeartRateSensorListener.java,2,53,29,18,0,84,6,0,4,0,6,0,0,0,156,0,26,43,17,3,0,0,0,0,0,Normal,0,
C:\Users\Luka\Desktop\New folder\30_project\src\si\alife\mobile\sensors\impl\HRSensor\HeartRateSensorManager.java,27,45,34,22,37,35,15,0,5,0,7,0,27,54,222,42,41,257,25,69,7,12,19,0,0,Normal,1,* Needs more comments. 
C:\Users\Luka\Desktop\New folder\30_project\src\si\alife\mobile\sensors\impl\HRSensorImpl.java,49,48,31,21,13,42,26,3,8,0,8,0,5,19,113,42,44,391,33,167,6,4,9,14,14,Normal,1,* Needs more comments. 
C:\Users\Luka\Desktop\New folder\30_project\src\si\alife\mobile\sensors\impl\location\AveragedValue.java,8,44,34,22,30,27,17,7,12,0,7,0,3,7,156,88,44,366,24,26,0,1,1,0,6,Algorithmic Oriented,1,* Needs more comments. 
C:\Users\Luka\Desktop\New folder\30_project\src\si\alife\mobile\sensors\impl\location\LocationAdapter.java,4,53,28,19,0,75,13,0,2,0,9,0,0,0,384,0,16,108,31,7,0,0,0,0,0,Normal,1,* Code structure may be too fragmented. 
C:\Users\Luka\Desktop\New folder\30_project\src\si\alife\mobile\sensors\impl\location\MinMaxAvgSmooth.java,14,45,34,21,34,35,15,3,5,1,6,0,16,52,127,69,45,270,18,52,0,11,9,0,15,Normal,1,* Needs more comments. 
C:\Users\Luka\Desktop\New folder\30_project\src\si\alife\mobile\sensors\impl\location\ValChangesSmooth.java,7,48,32,20,20,43,16,7,5,0,8,1,25,70,154,70,36,233,20,26,2,6,7,0,6,Algorithmic Oriented,0,
C:\Users\Luka\Desktop\New folder\30_project\src\si\alife\mobile\sensors\impl\LocationSensorImpl.java,45,45,33,22,31,35,20,0,6,0,7,0,13,37,142,41,40,364,30,135,14,5,19,14,5,Normal,1,* Needs more comments. 
C:\Users\Luka\Desktop\New folder\30_project\src\si\alife\mobile\sensors\impl\SpeedSensorImpl.java,34,48,31,21,11,41,29,1,9,0,9,0,9,34,113,31,42,443,29,153,7,10,15,6,3,Normal,1,* Needs more comments. 
C:\Users\Luka\Desktop\New folder\30_project\src\si\alife\mobile\sensors\impl\TimeSensorImpl.java,26,49,31,20,6,39,31,5,10,0,9,0,7,25,120,46,43,492,31,116,8,1,9,6,7,Normal,1,* Needs more comments. 
C:\Users\Luka\Desktop\New folder\30_project\src\si\alife\mobile\sensors\Sensor.java,16,48,31,21,20,46,21,0,6,0,5,1,33,112,94,33,32,287,29,53,16,2,18,11,4,Normal,0,
C:\Users\Luka\Desktop\New folder\30_project\src\si\alife\mobile\sensors\SensorListener.java,1,55,27,18,0,85,6,0,1,0,7,1,50,100,150,0,11,41,12,3,2,0,2,0,0,Normal,0,
C:\Users\Luka\Desktop\New folder\30_project\src\si\alife\mobile\sensors\SensorManager.java,23,45,33,22,35,35,17,0,6,0,7,0,7,18,156,31,42,300,22,76,5,1,6,2,0,Normal,1,* Needs more comments. 
C:\Users\Luka\Desktop\New folder\30_project\src\si\alife\mobile\sensors\SimpleSensorListener.java,1,55,27,18,0,82,6,0,1,0,9,1,50,100,155,0,7,44,10,3,2,0,2,0,0,Normal,0,
C:\Users\Luka\Desktop\New folder\30_project\src\si\alife\mobile\settings\activities\LoginActivity.java,42,47,32,21,26,45,14,0,6,0,7,0,12,30,194,42,40,202,27,101,0,13,13,9,5,Normal,1,* Needs more comments. 
C:\Users\Luka\Desktop\New folder\30_project\src\si\alife\mobile\settings\activities\SettingsActivity.java,28,48,31,21,20,51,16,0,7,0,6,0,6,20,139,45,42,200,33,60,0,4,4,3,2,Normal,1,* Needs more comments. 
C:\Users\Luka\Desktop\New folder\30_project\src\si\alife\mobile\settings\activities\SettingsHRActivity.java,27,48,32,21,23,52,12,0,6,0,6,0,1,4,161,43,40,152,23,63,0,1,1,1,1,Normal,1,* Needs more comments. 
C:\Users\Luka\Desktop\New folder\30_project\src\si\alife\mobile\settings\activities\SettingsLoginActivity.java,47,47,32,21,24,44,17,0,6,0,7,1,64,167,175,33,41,244,30,118,0,121,77,2,7,Normal,0,
C:\Users\Luka\Desktop\New folder\30_project\src\si\alife\mobile\settings\activities\SettingsOtherActivity.java,41,50,30,20,13,52,18,1,7,0,8,0,23,70,144,28,36,214,26,125,1,40,29,4,7,Normal,0,
C:\Users\Luka\Desktop\New folder\30_project\src\si\alife\mobile\settings\activities\SettingsUserActivity.java,43,49,31,20,17,53,16,0,7,0,7,0,2,8,141,30,40,195,27,113,1,2,3,5,4,Normal,1,* Needs more comments. 
C:\Users\Luka\Desktop\New folder\30_project\src\si\alife\mobile\settings\SettingsComponent.java,11,53,28,19,0,80,11,0,6,0,3,0,4,28,24,0,34,84,12,44,2,0,2,0,0,Normal,1,* Needs more comments. 
C:\Users\Luka\Desktop\New folder\30_project\src\si\alife\mobile\settings\SettingsComponentImpl.java,107,46,32,22,25,33,23,1,9,0,8,0,7,20,138,43,45,445,31,362,0,27,26,42,23,Normal,1,* Needs more comments. 
C:\Users\Luka\Desktop\New folder\30_project\src\si\alife\mobile\settings\SettingsDataFormatUtil.java,80,40,38,22,49,18,17,3,6,0,5,0,3,11,154,70,57,614,48,129,3,3,5,13,38,Data Manipulation Oriented,1,* Needs more comments. 
C:\Users\Luka\Desktop\New folder\30_project\src\si\alife\mobile\sharing\activities\FacebookLoginFragment.java,22,49,31,20,17,56,15,0,5,0,7,0,0,0,175,25,33,169,26,57,0,0,0,0,0,Normal,1,* Needs more comments. 
C:\Users\Luka\Desktop\New folder\30_project\src\si\alife\mobile\sharing\activities\FacebookShareFragment.java,79,45,33,21,31,38,17,0,6,0,7,0,12,29,181,43,43,276,27,213,4,22,26,19,1,Normal,1,* Needs more comments. 
C:\Users\Luka\Desktop\New folder\30_project\src\si\alife\mobile\sharing\activities\ShareWorkoutActivity.java,33,46,33,21,26,43,16,1,8,0,7,0,5,12,160,46,44,229,24,96,0,5,5,1,8,Normal,1,* Needs more comments. 
C:\Users\Luka\Desktop\New folder\30_project\src\si\alife\mobile\sharing\fb\ActivityDataPoint.java,5,47,32,21,23,47,17,0,5,0,8,0,0,0,208,26,30,211,25,14,0,0,0,0,0,Normal,1,* Code structure may be too fragmented. 
C:\Users\Luka\Desktop\New folder\30_project\src\si\alife\mobile\sharing\fb\MetaObject.java,21,42,36,22,41,26,18,2,6,0,7,0,0,0,167,64,49,437,28,61,0,0,0,9,4,Data Manipulation Oriented,1,* Needs more comments. 
C:\Users\Luka\Desktop\New folder\30_project\src\si\alife\mobile\sharing\fb\OpenGraphFactory.java,20,50,30,20,9,51,25,0,8,1,5,0,3,15,81,33,46,307,41,55,0,2,2,34,3,Normal,1,* Needs more comments. 
C:\Users\Luka\Desktop\New folder\30_project\src\si\alife\mobile\sharing\fb\OpenGraphObject.java,12,47,32,21,26,46,16,0,6,0,7,0,0,0,206,60,40,214,29,29,0,0,0,4,0,Normal,1,* Needs more comments. 
C:\Users\Luka\Desktop\New folder\30_project\src\si\alife\mobile\sharing\ShareFacebookFeed.java,63,46,33,21,28,39,17,2,6,0,6,0,3,9,158,66,50,284,34,144,0,6,5,33,10,Normal,1,* Needs more comments. 
C:\Users\Luka\Desktop\New folder\30_project\src\si\alife\mobile\sharing\SharingUtil.java,21,42,36,22,49,28,14,0,5,0,4,0,0,0,72,123,49,309,45,29,0,0,0,5,0,Data Manipulation Oriented,1,* Needs more comments. 
C:\Users\Luka\Desktop\New folder\30_project\src\si\alife\mobile\statistics\StatisticsComponent.java,1,55,27,18,0,86,5,0,1,0,7,0,0,0,155,0,13,36,10,3,0,0,0,0,0,Normal,0,
C:\Users\Luka\Desktop\New folder\30_project\src\si\alife\mobile\statistics\StatisticsComponentImpl.java,5,51,30,19,5,59,20,3,6,0,8,0,0,0,141,42,38,204,26,18,0,0,0,0,1,Normal,0,
C:\Users\Luka\Desktop\New folder\30_project\src\si\alife\mobile\synch\activities\SynchActivity.java,68,48,31,21,18,42,24,0,9,0,7,0,8,32,100,35,39,354,38,186,0,15,15,1,4,Normal,1,* Needs more comments. 
C:\Users\Luka\Desktop\New folder\30_project\src\si\alife\mobile\synch\activities\SyncListener.java,11,47,33,20,22,43,20,1,6,0,7,0,0,0,159,19,39,291,34,30,0,0,0,5,1,Normal,1,* Needs more comments. 
C:\Users\Luka\Desktop\New folder\30_project\src\si\alife\mobile\synch\converters\CalendarConverter.java,5,48,32,20,24,58,9,0,3,0,7,0,0,0,267,20,26,91,22,9,0,0,0,0,0,Normal,0,
C:\Users\Luka\Desktop\New folder\30_project\src\si\alife\mobile\synch\converters\Generated2VAO.java,115,45,33,22,30,35,19,0,8,0,7,0,7,24,131,29,47,343,34,290,4,27,23,30,6,Normal,1,* Needs more comments. 
C:\Users\Luka\Desktop\New folder\30_project\src\si\alife\mobile\synch\converters\VAO2Generated.java,76,46,32,22,26,38,20,0,9,0,7,0,3,10,119,23,46,335,36,191,0,13,7,2,1,Normal,1,* Needs more comments. 
C:\Users\Luka\Desktop\New folder\30_project\src\si\alife\mobile\synch\generated\Activity.java,16,48,32,20,16,46,19,4,5,1,9,0,1,3,212,58,41,264,26,52,0,1,1,19,0,Normal,2,* Needs more comments. * Code structure may be too fragmented. 
C:\Users\Luka\Desktop\New folder\30_project\src\si\alife\mobile\synch\generated\ActivityCoreData.java,9,49,31,20,10,52,19,5,5,1,9,0,0,0,208,56,37,225,25,31,0,0,0,12,0,Normal,2,* Needs more comments. * Code structure may be too fragmented. 
C:\Users\Luka\Desktop\New folder\30_project\src\si\alife\mobile\synch\generated\BaseModel.java,3,51,29,19,4,62,18,0,5,0,11,0,0,0,209,33,29,172,20,14,0,0,0,2,0,Normal,1,* Code structure may be too fragmented. 
C:\Users\Luka\Desktop\New folder\30_project\src\si\alife\mobile\synch\generated\DataDomain.java,8,48,32,20,19,49,17,3,5,1,7,0,0,0,209,77,45,210,28,21,0,0,0,11,0,Normal,2,* Needs more comments. * Code structure may be too fragmented. 
C:\Users\Luka\Desktop\New folder\30_project\src\si\alife\mobile\synch\generated\DataSync.java,6,49,32,20,16,54,14,3,5,1,7,0,0,0,212,70,43,161,24,16,0,0,0,8,0,Normal,1,* Code structure may be too fragmented. 
C:\Users\Luka\Desktop\New folder\30_project\src\si\alife\mobile\synch\generated\ExerciseDomain.java,5,50,30,19,6,55,19,4,5,1,10,0,0,0,211,45,33,204,22,21,0,0,0,7,0,Normal,2,* Needs more comments. * Code structure may be too fragmented. 
C:\Users\Luka\Desktop\New folder\30_project\src\si\alife\mobile\synch\generated\ExerciseModel.java,10,50,31,20,6,48,24,6,6,1,10,0,0,0,206,52,35,308,27,41,0,0,0,15,0,Algorithmic Oriented,2,* Needs more comments. * Code structure may be too fragmented. 
C:\Users\Luka\Desktop\New folder\30_project\src\si\alife\mobile\synch\generated\LapSummary.java,7,50,31,19,11,56,16,4,5,0,8,0,0,0,211,54,37,172,22,21,0,0,0,7,0,Normal,2,* Needs more comments. * Code structure may be too fragmented. 
C:\Users\Luka\Desktop\New folder\30_project\src\si\alife\mobile\synch\generated\MeasureData.java,12,48,32,21,22,50,15,0,5,0,8,0,2,5,212,43,42,186,22,38,0,1,1,5,0,Normal,2,* Needs more comments. * Code structure may be too fragmented. 
C:\Users\Luka\Desktop\New folder\30_project\src\si\alife\mobile\synch\generated\MeasureModel.java,7,49,31,20,11,52,19,3,5,1,9,0,0,0,209,51,37,223,24,26,0,0,0,9,0,Normal,2,* Needs more comments. * Code structure may be too fragmented. 
C:\Users\Luka\Desktop\New folder\30_project\src\si\alife\mobile\synch\generated\Notification.java,10,47,32,21,17,46,19,0,6,0,11,0,0,0,231,32,36,258,22,39,0,0,0,5,0,Normal,2,* Needs more comments. * Code structure may be too fragmented. 
C:\Users\Luka\Desktop\New folder\30_project\src\si\alife\mobile\synch\generated\Notifications.java,4,47,33,20,26,50,13,0,5,0,6,0,0,0,175,88,43,158,30,8,0,0,0,2,0,Normal,0,
C:\Users\Luka\Desktop\New folder\30_project\src\si\alife\mobile\synch\generated\ParamValue.java,4,50,30,20,5,54,20,4,5,0,12,0,4,9,213,31,30,225,20,21,0,1,1,5,0,Normal,2,* Needs more comments. * Code structure may be too fragmented. 
C:\Users\Luka\Desktop\New folder\30_project\src\si\alife\mobile\synch\generated\PartType.java,6,50,30,20,6,52,21,4,6,1,10,0,0,0,209,44,34,250,24,26,0,0,0,8,0,Normal,2,* Needs more comments. * Code structure may be too fragmented. 
C:\Users\Luka\Desktop\New folder\30_project\src\si\alife\mobile\synch\generated\UserModel.java,27,46,33,21,23,41,19,3,6,0,8,0,1,2,192,59,39,287,26,88,1,0,1,23,1,Normal,1,* Needs more comments. 
C:\Users\Luka\Desktop\New folder\30_project\src\si\alife\mobile\synch\generated\WorkoutModel.java,6,51,30,19,6,56,18,4,5,1,10,0,0,0,211,45,32,200,22,21,0,0,0,7,0,Normal,2,* Needs more comments. * Code structure may be too fragmented. 
C:\Users\Luka\Desktop\New folder\30_project\src\si\alife\mobile\synch\generated\XSChangedUnits.java,4,47,32,20,25,52,12,0,5,0,6,0,0,0,175,88,43,144,28,8,0,0,0,2,0,Normal,0,
C:\Users\Luka\Desktop\New folder\30_project\src\si\alife\mobile\synch\generated\XSProgramCode.java,3,51,30,19,5,64,17,0,5,0,10,0,0,0,202,38,27,161,22,12,0,0,0,0,0,Normal,1,* Code structure may be too fragmented. 
C:\Users\Luka\Desktop\New folder\30_project\src\si\alife\mobile\synch\generated\XSPrograms.java,4,47,32,20,25,52,12,0,5,0,6,0,0,0,175,88,43,144,28,8,0,0,0,2,0,Normal,0,
C:\Users\Luka\Desktop\New folder\30_project\src\si\alife\mobile\synch\generated\XSRRIntervals.java,4,52,29,19,4,63,16,0,6,1,9,0,0,0,208,60,38,157,22,14,0,0,0,5,0,Normal,1,* Code structure may be too fragmented. 
C:\Users\Luka\Desktop\New folder\30_project\src\si\alife\mobile\synch\generated\XSUnitMainPartAerobic.java,13,47,32,21,23,43,20,0,6,0,8,0,0,0,195,57,37,286,29,41,0,0,0,11,0,Normal,1,* Needs more comments. 
C:\Users\Luka\Desktop\New folder\30_project\src\si\alife\mobile\synch\generated\XSUnitMainPartAerobicInterval.java,14,49,31,20,7,49,26,0,7,0,11,0,0,0,209,37,35,336,27,60,0,0,0,11,0,Normal,2,* Needs more comments. * Code structure may be too fragmented. 
C:\Users\Luka\Desktop\New folder\30_project\src\si\alife\mobile\synch\generated\XSUnitMainPartExercises.java,13,46,33,21,26,43,19,0,5,0,7,0,0,0,189,63,37,271,30,37,0,0,0,11,0,Normal,1,* Needs more comments. 
C:\Users\Luka\Desktop\New folder\30_project\src\si\alife\mobile\synch\generated\XSUnitMainPartExercisesStation.java,13,49,31,20,7,49,26,0,7,0,11,0,0,0,204,38,35,328,26,59,0,0,0,11,0,Normal,2,* Needs more comments. * Code structure may be too fragmented. 
C:\Users\Luka\Desktop\New folder\30_project\src\si\alife\mobile\synch\generated\XSUnitProgramSet.java,7,50,30,20,4,51,27,0,7,0,10,0,0,0,177,45,33,327,27,34,0,0,0,7,0,Normal,2,* Needs more comments. * Code structure may be too fragmented. 
C:\Users\Luka\Desktop\New folder\30_project\src\si\alife\mobile\synch\generated\XSUserProgram.java,9,48,31,20,16,51,19,0,6,0,8,0,0,0,199,58,40,236,27,30,0,0,0,7,0,Normal,2,* Needs more comments. * Code structure may be too fragmented. 
C:\Users\Luka\Desktop\New folder\30_project\src\si\alife\mobile\synch\generated\XSUserProgramUnit.java,23,46,33,21,22,40,23,0,6,0,9,0,2,5,200,49,39,353,30,78,0,2,2,17,0,Normal,1,* Needs more comments. 
C:\Users\Luka\Desktop\New folder\30_project\src\si\alife\mobile\synch\rest\RequestFactory.java,41,45,34,21,28,35,21,1,8,1,7,0,4,10,184,31,53,366,34,111,3,3,5,37,5,Normal,1,* Needs more comments. 
C:\Users\Luka\Desktop\New folder\30_project\src\si\alife\mobile\synch\rest\RestClient.java,6,53,28,19,3,66,18,0,5,0,7,2,62,166,139,25,41,169,35,15,4,6,10,0,0,Normal,0,
C:\Users\Luka\Desktop\New folder\30_project\src\si\alife\mobile\synch\rest\RestMethod.java,1,55,27,17,0,88,4,0,0,0,8,0,0,0,175,0,21,27,7,3,0,0,0,0,0,Normal,0,
C:\Users\Luka\Desktop\New folder\30_project\src\si\alife\mobile\synch\rest\RestRequest.java,25,45,34,21,34,39,14,1,5,0,7,0,22,45,221,44,40,221,25,60,7,7,14,2,2,Normal,1,* Needs more comments. 
C:\Users\Luka\Desktop\New folder\30_project\src\si\alife\mobile\synch\rest\SecuredHttpClient.java,7,51,30,19,9,65,12,0,6,0,7,1,9,25,159,23,42,118,20,20,2,0,2,2,1,Normal,0,
C:\Users\Luka\Desktop\New folder\30_project\src\si\alife\mobile\synch\rest\SecuredHttpClientCertificate.java,6,52,29,19,9,68,9,0,4,0,8,1,47,100,209,21,34,85,15,18,1,8,9,4,0,Normal,0,
C:\Users\Luka\Desktop\New folder\30_project\src\si\alife\mobile\synch\rest\SecuredSSLSocketFactory.java,8,50,30,19,3,68,13,0,8,0,8,0,5,10,259,11,40,121,27,17,1,0,1,1,0,Normal,1,* Code structure may be too fragmented. 
C:\Users\Luka\Desktop\New folder\30_project\src\si\alife\mobile\synch\Syncable.java,2,55,27,18,0,80,9,0,3,0,5,2,50,200,75,0,18,68,13,7,4,0,4,0,0,Normal,0,
C:\Users\Luka\Desktop\New folder\30_project\src\si\alife\mobile\synch\SyncableAdapter.java,11,45,33,22,31,35,19,1,7,0,7,0,7,21,140,39,40,330,24,40,3,0,3,0,3,Normal,1,* Needs more comments. 
C:\Users\Luka\Desktop\New folder\30_project\src\si\alife\mobile\synch\syncables\CommonDataSyncable.java,65,47,32,21,21,38,24,1,7,0,8,0,18,68,115,46,35,400,45,157,1,47,30,11,1,Normal,0,
C:\Users\Luka\Desktop\New folder\30_project\src\si\alife\mobile\synch\syncables\MeasurementsSyncable.java,69,45,33,22,36,35,16,1,7,0,5,0,9,27,121,72,50,298,38,130,1,11,12,5,0,Normal,1,* Needs more comments. 
C:\Users\Luka\Desktop\New folder\30_project\src\si\alife\mobile\synch\syncables\ProgramsSyncable.java,60,45,33,21,35,38,15,1,7,0,5,0,27,79,135,66,52,244,30,127,3,45,35,3,15,Normal,0,
C:\Users\Luka\Desktop\New folder\30_project\src\si\alife\mobile\synch\syncables\QuestionnairesSyncable.java,17,50,30,20,17,58,13,0,6,0,5,0,20,60,120,46,39,141,23,42,1,8,9,0,2,Normal,0,
C:\Users\Luka\Desktop\New folder\30_project\src\si\alife\mobile\synch\syncables\TestsSyncable.java,17,50,30,20,18,58,13,0,6,0,5,0,16,46,121,44,39,141,23,42,1,6,7,0,2,Normal,1,* Needs more comments. 
C:\Users\Luka\Desktop\New folder\30_project\src\si\alife\mobile\synch\syncables\UserSyncable.java,15,49,31,20,18,53,15,0,7,0,7,0,6,21,135,38,45,174,22,43,1,2,3,3,8,Normal,1,* Needs more comments. 
C:\Users\Luka\Desktop\New folder\30_project\src\si\alife\mobile\synch\syncables\WorkoutSyncable.java,38,47,32,21,27,42,17,1,7,0,5,0,7,25,101,56,50,258,31,92,1,6,7,5,5,Normal,1,* Needs more comments. 
C:\Users\Luka\Desktop\New folder\30_project\src\si\alife\mobile\synch\syncables\WorkoutWholeSyncable.java,19,48,32,21,27,51,11,1,5,0,6,0,21,52,164,60,43,131,22,40,1,8,9,0,3,Normal,1,* Needs more comments. 
C:\Users\Luka\Desktop\New folder\30_project\src\si\alife\mobile\synch\SyncAdapter.java,4,52,28,20,0,60,21,2,6,1,10,0,0,0,244,9,32,210,38,10,0,0,0,5,0,Normal,1,* Code structure may be too fragmented. 
C:\Users\Luka\Desktop\New folder\30_project\src\si\alife\mobile\synch\SynchComponent.java,6,48,31,20,27,59,8,0,3,0,3,1,21,100,41,42,35,86,18,13,3,0,3,0,3,Normal,0,
C:\Users\Luka\Desktop\New folder\30_project\src\si\alife\mobile\synch\SynchComponentImpl.java,32,46,33,21,31,41,15,1,6,0,6,0,7,21,138,54,49,225,26,82,2,5,6,5,4,Normal,1,* Needs more comments. 
C:\Users\Luka\Desktop\New folder\30_project\src\si\alife\mobile\synch\SynchService.java,15,50,30,20,13,62,13,1,5,0,6,0,0,0,140,37,37,129,21,39,0,0,0,4,3,Normal,1,* Needs more comments. 
C:\Users\Luka\Desktop\New folder\30_project\src\si\alife\mobile\synch\SyncListener.java,2,55,27,18,0,77,12,0,3,0,6,2,71,250,81,0,18,92,18,6,5,0,5,0,0,Normal,0,
C:\Users\Luka\Desktop\New folder\30_project\src\si\alife\mobile\tests\activities\AnimatedActivity.java,5,53,28,19,0,70,16,0,5,0,9,0,0,0,159,6,23,140,25,14,0,0,0,0,0,Normal,0,
C:\Users\Luka\Desktop\New folder\30_project\src\si\alife\mobile\tests\activities\CooperResultActivity.java,44,47,32,21,22,44,18,2,8,0,6,0,0,3,114,44,43,261,31,115,0,1,1,2,13,Normal,1,* Needs more comments. 
C:\Users\Luka\Desktop\New folder\30_project\src\si\alife\mobile\tests\activities\CountdownActivity.java,62,47,32,21,22,44,18,0,8,0,8,0,3,11,162,31,38,262,28,178,2,5,7,10,5,Normal,1,* Needs more comments. 
C:\Users\Luka\Desktop\New folder\30_project\src\si\alife\mobile\tests\activities\StopwatchActivity.java,59,46,33,21,28,40,16,0,7,0,8,0,1,3,193,31,41,252,27,157,1,1,2,7,12,Normal,1,* Needs more comments. 
C:\Users\Luka\Desktop\New folder\30_project\src\si\alife\mobile\tests\activities\TestHistoryListActivity.java,41,46,33,21,28,46,15,0,6,0,5,0,0,0,146,43,42,199,32,82,0,0,0,2,2,Normal,1,* Needs more comments. 
C:\Users\Luka\Desktop\New folder\30_project\src\si\alife\mobile\tests\activities\TestHistoryListProviderNew.java,42,46,33,21,26,33,24,1,9,0,8,0,2,7,129,44,43,445,47,94,0,3,2,6,6,Normal,1,* Needs more comments. 
C:\Users\Luka\Desktop\New folder\30_project\src\si\alife\mobile\tests\activities\TestInputActivity.java,98,44,34,22,35,34,17,1,7,0,7,0,1,3,162,53,47,314,31,231,0,4,3,23,35,Normal,1,* Needs more comments. 
C:\Users\Luka\Desktop\New folder\30_project\src\si\alife\mobile\tests\activities\TestInstructionsActivity.java,121,44,34,22,35,31,19,0,7,0,7,0,4,13,138,47,44,395,33,319,4,13,14,24,21,Normal,1,* Needs more comments. 
C:\Users\Luka\Desktop\New folder\30_project\src\si\alife\mobile\tests\activities\TestMenuActivity.java,12,52,29,19,6,71,12,0,5,0,6,0,0,0,187,16,35,106,27,23,0,0,0,0,0,Normal,2,* Needs more comments. * Code structure may be too fragmented. 
C:\Users\Luka\Desktop\New folder\30_project\src\si\alife\mobile\tests\activities\TestMenuProvider.java,10,50,30,19,13,64,10,2,5,0,5,0,0,0,160,50,36,98,30,15,0,0,0,3,1,Normal,0,
C:\Users\Luka\Desktop\New folder\30_project\src\si\alife\mobile\tests\activities\TestResultActivity.java,28,51,29,20,8,61,16,1,8,0,7,0,0,0,119,39,36,163,27,73,0,0,0,3,11,Normal,1,* Needs more comments. 
C:\Users\Luka\Desktop\New folder\30_project\src\si\alife\mobile\tests\CountdownListener.java,1,55,27,18,0,80,8,0,3,0,7,2,66,200,104,0,17,54,10,5,4,0,4,0,0,Normal,0,
C:\Users\Luka\Desktop\New folder\30_project\src\si\alife\mobile\tests\dao\helper\TestDefinition.java,40,48,31,21,13,42,27,1,9,1,7,0,0,0,91,37,41,402,38,123,0,0,0,40,14,Normal,1,* Needs more comments. 
C:\Users\Luka\Desktop\New folder\30_project\src\si\alife\mobile\tests\dao\helper\TestModelDefinition.java,25,47,32,21,18,42,24,1,8,0,7,0,1,4,114,36,40,356,36,75,1,0,1,19,5,Normal,1,* Needs more comments. 
C:\Users\Luka\Desktop\New folder\30_project\src\si\alife\mobile\tests\dao\TestDaoComponent.java,14,50,30,20,10,61,19,1,4,0,4,1,21,100,67,10,31,200,27,45,10,0,10,0,1,Normal,0,
C:\Users\Luka\Desktop\New folder\30_project\src\si\alife\mobile\tests\dao\TestDaoComponentImpl.java,120,43,35,23,41,26,19,0,7,0,6,0,2,5,139,61,51,462,36,288,0,6,6,4,28,Data Manipulation Oriented,1,* Needs more comments. 
C:\Users\Luka\Desktop\New folder\30_project\src\si\alife\mobile\tests\ProgressListener.java,2,55,27,18,0,82,7,0,2,0,6,2,66,200,101,0,19,50,11,5,4,0,4,0,0,Normal,0,
C:\Users\Luka\Desktop\New folder\30_project\src\si\alife\mobile\tests\TestComponent.java,12,54,28,18,0,75,12,0,7,0,3,3,81,600,13,22,30,97,14,43,36,0,36,0,10,Normal,1,* May need breaking down into functions or classes. 
C:\Users\Luka\Desktop\New folder\30_project\src\si\alife\mobile\tests\TestComponentImpl.java,103,43,35,22,43,26,17,0,7,0,7,0,1,4,167,40,50,397,29,260,3,1,4,24,15,Data Manipulation Oriented,1,* Needs more comments. 
C:\Users\Luka\Desktop\New folder\30_project\src\si\alife\mobile\tests\TestService.java,40,46,33,22,31,40,15,1,6,0,6,0,6,17,152,38,47,233,26,102,5,2,7,13,10,Normal,1,* Needs more comments. 
C:\Users\Luka\Desktop\New folder\30_project\src\si\alife\mobile\tests\utility\CooperInputDialog.java,76,45,33,21,30,36,18,1,7,0,7,0,1,5,164,46,46,320,30,206,0,4,4,19,29,Normal,1,* Needs more comments. 
C:\Users\Luka\Desktop\New folder\30_project\src\si\alife\mobile\tests\utility\RockportCalculator.java,39,41,38,22,42,25,11,4,10,1,7,0,9,23,187,70,66,277,19,100,8,3,10,0,97,Data Manipulation Oriented,1,* Needs more comments. 
C:\Users\Luka\Desktop\New folder\30_project\src\si\alife\mobile\tests\utility\StepCalculator.java,35,38,40,22,46,22,11,1,14,2,6,0,1,2,165,56,68,310,18,92,2,0,1,0,114,Data Manipulation Oriented,1,* Needs more comments. 
C:\Users\Luka\Desktop\New folder\30_project\src\si\alife\mobile\tests\utility\TestCalculator.java,15,46,34,20,26,47,17,0,3,1,6,0,0,0,114,43,28,231,28,40,0,0,0,0,14,Normal,1,* Needs more comments. 
C:\Users\Luka\Desktop\New folder\30_project\src\si\alife\mobile\tests\utility\TestResultHelper.java,42,45,33,22,29,29,25,0,9,0,9,0,0,1,187,49,52,542,36,129,0,1,1,2,3,Normal,1,* Needs more comments. 
C:\Users\Luka\Desktop\New folder\30_project\src\si\alife\mobile\tests\utility\TestUtility.java,61,42,36,22,46,24,17,0,5,0,6,0,0,0,148,53,49,451,38,126,0,0,0,10,37,Data Manipulation Oriented,1,* Needs more comments. 
C:\Users\Luka\Desktop\New folder\30_project\src\si\alife\mobile\tests\vao\Test.java,35,42,36,22,43,27,15,3,5,0,6,0,11,28,171,58,42,354,26,93,2,9,11,6,12,Data Manipulation Oriented,1,* Needs more comments. 
C:\Users\Luka\Desktop\New folder\30_project\src\si\alife\mobile\tests\vao\TestModel.java,11,50,31,20,7,49,22,7,4,1,10,0,10,23,200,41,28,282,23,45,1,4,5,10,1,Algorithmic Oriented,2,* Needs more comments. * Code structure may be too fragmented. 
C:\Users\Luka\Desktop\New folder\30_project\src\si\alife\mobile\utility\activities\ActivityImager.java,34,43,35,22,42,33,14,1,5,0,5,0,5,17,126,71,42,263,37,56,2,1,3,5,2,Data Manipulation Oriented,1,* Needs more comments. 
C:\Users\Luka\Desktop\New folder\30_project\src\si\alife\mobile\utility\activities\ExpdListActivity.java,35,45,33,21,32,40,15,1,6,0,5,0,2,6,146,48,41,241,28,86,2,0,2,5,9,Normal,1,* Needs more comments. 
C:\Users\Luka\Desktop\New folder\30_project\src\si\alife\mobile\utility\activities\ExpdListAdapter.java,30,43,35,22,38,31,19,2,5,0,6,0,0,0,162,36,49,379,37,67,0,0,0,0,3,Normal,1,* Needs more comments. 
C:\Users\Luka\Desktop\New folder\30_project\src\si\alife\mobile\utility\activities\ExpdViewProvider.java,5,52,29,19,2,73,17,0,3,0,6,0,0,0,134,16,26,146,34,11,0,0,0,0,0,Normal,0,
C:\Users\Luka\Desktop\New folder\30_project\src\si\alife\mobile\utility\activities\InflatedViewProvider.java,3,52,29,19,3,67,18,0,3,0,9,0,0,0,165,20,14,156,25,9,0,0,0,0,0,Normal,0,
C:\Users\Luka\Desktop\New folder\30_project\src\si\alife\mobile\utility\activities\LazyLoadedListActivity.java,36,45,33,21,32,41,15,1,6,0,5,0,2,6,144,46,40,227,27,88,2,0,2,5,8,Normal,1,* Needs more comments. 
C:\Users\Luka\Desktop\New folder\30_project\src\si\alife\mobile\utility\activities\ListAdapter.java,13,43,36,21,37,37,16,1,4,0,6,0,0,0,174,33,45,262,30,29,0,0,0,0,1,Normal,1,* Needs more comments. 
C:\Users\Luka\Desktop\New folder\30_project\src\si\alife\mobile\utility\activities\ListWannabeFragment.java,27,46,33,21,29,43,15,1,5,0,7,0,0,0,195,33,42,214,25,70,0,0,0,1,4,Normal,1,* Needs more comments. 
C:\Users\Luka\Desktop\New folder\30_project\src\si\alife\mobile\utility\activities\MeasureImager.java,39,47,32,21,26,41,21,0,6,0,7,0,1,5,105,41,35,317,52,69,0,1,1,2,0,Normal,1,* Needs more comments. 
C:\Users\Luka\Desktop\New folder\30_project\src\si\alife\mobile\utility\activities\MeasurementContextMapper.java,61,40,38,23,55,17,17,0,6,0,5,0,0,0,83,76,49,642,74,64,0,0,0,0,0,Data Manipulation Oriented,1,* Needs more comments. 
C:\Users\Luka\Desktop\New folder\30_project\src\si\alife\mobile\utility\activities\SlidingButonTouchListener.java,15,47,33,21,26,39,17,5,5,0,7,0,15,46,134,69,39,277,26,45,0,10,7,0,8,Normal,1,* Needs more comments. 
C:\Users\Luka\Desktop\New folder\30_project\src\si\alife\mobile\utility\activities\TopMenuFragment.java,7,53,28,19,1,71,15,0,5,0,7,1,85,212,166,30,30,127,25,19,0,17,17,0,0,Normal,0,
C:\Users\Luka\Desktop\New folder\30_project\src\si\alife\mobile\utility\activities\ViewProvider.java,2,55,28,18,0,87,7,0,1,0,6,0,0,0,150,0,18,46,17,3,0,0,0,0,0,Normal,0,
C:\Users\Luka\Desktop\New folder\30_project\src\si\alife\mobile\utility\ArrayTransformer.java,8,45,34,21,29,42,11,2,11,0,5,0,0,0,151,66,48,156,21,17,0,0,0,0,2,Data I/O Oriented,0,
C:\Users\Luka\Desktop\New folder\30_project\src\si\alife\mobile\utility\Bitmask.java,4,48,31,20,14,44,20,6,6,0,10,0,0,0,209,29,33,266,23,16,0,0,0,0,2,Algorithmic Oriented,1,* Code structure may be too fragmented. 
C:\Users\Luka\Desktop\New folder\30_project\src\si\alife\mobile\utility\Metronome.java,25,45,34,21,33,37,15,2,6,1,6,0,4,11,139,46,50,247,22,74,3,0,3,18,23,Normal,1,* Needs more comments. 
C:\Users\Luka\Desktop\New folder\30_project\src\si\alife\mobile\utility\RotatableDialog.java,4,48,31,21,28,51,10,0,4,0,6,2,22,50,182,22,35,112,20,8,1,1,2,0,0,Normal,0,
C:\Users\Luka\Desktop\New folder\30_project\src\si\alife\mobile\utility\Utility.java,65,47,32,21,24,43,18,1,6,0,7,0,6,14,179,40,42,261,32,160,8,2,10,13,17,Normal,1,* Needs more comments. 
C:\Users\Luka\Desktop\New folder\30_project\src\si\alife\mobile\utility\UtilityComponent.java,4,53,28,19,0,71,20,0,4,1,4,0,0,0,36,53,16,173,26,14,0,0,0,0,8,Normal,0,
C:\Users\Luka\Desktop\New folder\30_project\src\si\alife\mobile\utility\UtilityComponentImpl.java,14,48,32,20,21,53,13,0,6,0,7,0,5,14,172,33,37,158,24,35,2,0,2,8,0,Normal,1,* Needs more comments. 
C:\Users\Luka\Desktop\New folder\30_project\src\si\alife\mobile\utility\views\HeaderView.java,19,50,30,20,10,52,22,0,7,0,9,0,0,0,144,26,32,264,27,67,0,0,0,0,2,Normal,1,* Needs more comments. 
C:\Users\Luka\Desktop\New folder\30_project\src\si\alife\mobile\utility\views\TestView.java,9,52,28,19,1,64,20,0,6,0,9,0,0,0,166,23,34,190,26,29,0,0,0,2,2,Normal,1,* Needs more comments. 
C:\Users\Luka\Desktop\New folder\30_project\src\si\alife\mobile\workout\activities\ManualWorkout.java,115,47,32,21,24,38,21,2,8,0,7,0,1,4,113,42,43,350,32,326,0,6,4,24,45,Normal,1,* Needs more comments. 
C:\Users\Luka\Desktop\New folder\30_project\src\si\alife\mobile\workout\activities\utils\AsyncStop.java,30,47,32,21,26,44,13,0,7,0,8,0,10,22,219,50,45,191,23,76,0,8,8,2,11,Normal,1,* Needs more comments. 
C:\Users\Luka\Desktop\New folder\30_project\src\si\alife\mobile\workout\activities\utils\DataFormatUtil.java,64,40,38,22,55,14,13,9,5,1,3,0,5,23,90,137,56,551,30,118,1,6,7,71,60,Algorithmic Oriented,1,* Needs more comments. 
C:\Users\Luka\Desktop\New folder\30_project\src\si\alife\mobile\workout\activities\utils\OKCancelDialogBuilder.java,6,51,30,19,11,66,12,0,3,0,7,0,0,0,194,20,25,112,24,14,0,0,0,0,0,Normal,0,
C:\Users\Luka\Desktop\New folder\30_project\src\si\alife\mobile\workout\activities\WorkoutFinishedActivity.java,105,46,33,21,27,37,19,2,7,0,7,0,6,20,143,50,43,335,36,249,1,16,16,27,37,Normal,1,* Needs more comments. 
C:\Users\Luka\Desktop\New folder\30_project\src\si\alife\mobile\workout\activities\WorkoutFinishedDetailsActivity.java,37,50,30,20,10,54,18,2,9,0,7,0,1,4,123,36,40,212,35,86,1,0,1,14,3,Normal,1,* Needs more comments. 
C:\Users\Luka\Desktop\New folder\30_project\src\si\alife\mobile\workout\activities\WorkoutInPauseActivity.java,82,48,31,21,20,42,19,2,9,0,8,0,12,33,173,35,43,281,36,191,4,20,24,20,7,Normal,1,* Needs more comments. 
C:\Users\Luka\Desktop\New folder\30_project\src\si\alife\mobile\workout\activities\WorkoutInProgressActivity.java,93,47,32,21,21,40,20,1,9,0,8,0,12,36,161,33,43,325,36,234,4,26,30,23,6,Normal,1,* Needs more comments. 
C:\Users\Luka\Desktop\New folder\30_project\src\si\alife\mobile\workout\activities\WorkoutInProgressIntervalActivity.java,33,46,33,21,32,42,13,1,6,0,6,0,14,47,140,59,48,200,32,60,1,8,9,2,3,Normal,1,* Needs more comments. 
C:\Users\Luka\Desktop\New folder\30_project\src\si\alife\mobile\workout\activities\WorkoutInProgressLastLapActivity.java,113,47,32,21,21,37,23,0,9,0,9,0,11,35,149,27,41,395,39,299,3,33,35,11,11,Normal,1,* Needs more comments. 
C:\Users\Luka\Desktop\New folder\30_project\src\si\alife\mobile\workout\activities\WorkoutSelectActivity.java,134,47,32,21,25,37,21,1,8,0,8,0,8,22,162,43,44,357,34,359,2,30,29,27,17,Normal,1,* Needs more comments. 
C:\Users\Luka\Desktop\New folder\30_project\src\si\alife\mobile\workout\activities\WorkoutSelectMoreEditIntervalDialog.java,63,45,33,22,33,30,19,2,8,0,8,0,5,15,151,40,40,403,28,189,0,10,10,7,28,Normal,1,* Needs more comments. 
C:\Users\Luka\Desktop\New folder\30_project\src\si\alife\mobile\workout\activities\WorkoutSelectMoreOptionsActivity.java,120,46,33,22,28,31,21,2,9,0,8,0,2,6,141,49,47,428,34,333,0,7,7,43,26,Normal,1,* Needs more comments. 
C:\Users\Luka\Desktop\New folder\30_project\src\si\alife\mobile\workout\activities\WorkoutSelectTypeActivity.java,25,51,30,19,8,66,13,0,7,0,6,0,22,61,158,25,42,120,24,58,0,15,13,1,7,Normal,0,
C:\Users\Luka\Desktop\New folder\30_project\src\si\alife\mobile\workout\activities\WorkoutSelectTypeActivityListProvider.java,10,50,30,19,14,63,11,2,5,0,6,0,0,0,169,40,36,104,32,14,0,0,0,3,1,Normal,0,
C:\Users\Luka\Desktop\New folder\30_project\src\si\alife\mobile\workout\activities\WorkoutTabsActivity.java,15,52,29,19,2,70,16,0,7,0,6,0,0,0,112,34,36,142,28,37,0,0,0,0,0,Normal,1,* Needs more comments. 
C:\Users\Luka\Desktop\New folder\30_project\src\si\alife\mobile\workout\BeepBeepTask.java,34,41,36,22,51,27,11,1,5,0,5,0,28,71,185,71,58,245,31,52,0,15,15,0,2,Data Manipulation Oriented,0,
C:\Users\Luka\Desktop\New folder\30_project\src\si\alife\mobile\workout\dao\helper\KeyValueDefinition.java,22,49,30,20,9,48,25,3,8,0,7,0,5,18,126,35,40,326,38,66,1,4,4,17,2,Normal,1,* Needs more comments. 
C:\Users\Luka\Desktop\New folder\30_project\src\si\alife\mobile\workout\dao\helper\LapSummaryDefinition.java,17,49,31,20,11,51,22,1,7,0,7,0,10,29,134,32,38,266,33,49,2,4,5,10,1,Normal,1,* Needs more comments. 
C:\Users\Luka\Desktop\New folder\30_project\src\si\alife\mobile\workout\dao\helper\RecordDeletedDefinition.java,29,45,34,22,31,34,20,2,7,0,6,0,1,3,141,50,46,365,34,74,1,0,1,15,10,Normal,1,* Needs more comments. 
C:\Users\Luka\Desktop\New folder\30_project\src\si\alife\mobile\workout\dao\helper\WorkoutCoreDataDefinition.java,18,47,32,21,18,48,18,0,8,0,7,0,4,12,161,41,36,238,25,61,0,4,3,8,0,Normal,1,* Needs more comments. 
C:\Users\Luka\Desktop\New folder\30_project\src\si\alife\mobile\workout\dao\helper\WorkoutDefinition.java,36,48,31,21,15,43,25,2,8,1,7,0,4,17,99,41,41,359,36,107,0,5,5,32,8,Normal,1,* Needs more comments. 
C:\Users\Luka\Desktop\New folder\30_project\src\si\alife\mobile\workout\dao\helper\WorkoutGoalDefinition.java,18,49,31,20,11,50,23,0,7,0,7,0,0,0,118,27,37,293,35,53,0,0,0,11,1,Normal,1,* Needs more comments. 
C:\Users\Luka\Desktop\New folder\30_project\src\si\alife\mobile\workout\dao\helper\WorkoutGoalIntervalDefinition.java,40,47,31,21,18,37,28,0,9,0,7,0,0,0,80,33,39,471,44,114,0,0,0,38,2,Normal,1,* Needs more comments. 
C:\Users\Luka\Desktop\New folder\30_project\src\si\alife\mobile\workout\dao\helper\WorkoutModelDefinition.java,22,47,32,21,20,39,24,1,8,0,8,0,7,20,149,34,42,395,34,69,1,5,5,12,1,Normal,1,* Needs more comments. 
C:\Users\Luka\Desktop\New folder\30_project\src\si\alife\mobile\workout\dao\WorkoutDaoComponent.java,20,51,30,19,9,63,18,0,5,0,3,1,28,150,49,7,31,182,26,62,16,2,18,0,1,Normal,0,
C:\Users\Luka\Desktop\New folder\30_project\src\si\alife\mobile\workout\dao\WorkoutDaoComponentImpl.java,176,43,34,23,38,23,23,2,8,0,6,0,9,26,127,54,50,640,36,490,13,37,47,38,50,Normal,1,* Needs more comments. 
C:\Users\Luka\Desktop\New folder\30_project\src\si\alife\mobile\workout\dao\WorkoutPersistingListener.java,2,55,27,18,0,88,6,0,1,0,5,0,0,0,153,0,22,37,15,3,0,0,0,0,0,Normal,0,
C:\Users\Luka\Desktop\New folder\30_project\src\si\alife\mobile\workout\goals\activities\IntervalInputException.java,3,52,29,19,2,61,19,2,5,0,11,0,12,28,196,18,28,183,20,15,2,0,2,0,1,Normal,1,* Code structure may be too fragmented. 
C:\Users\Luka\Desktop\New folder\30_project\src\si\alife\mobile\workout\goals\activities\IntervalInputFragment.java,86,44,34,22,35,29,21,0,7,0,7,0,1,4,148,38,43,454,33,243,0,9,4,10,13,Normal,1,* Needs more comments. 
C:\Users\Luka\Desktop\New folder\30_project\src\si\alife\mobile\workout\goals\activities\WorkoutGoalIntervalProvider.java,44,44,35,22,37,28,19,2,8,0,7,0,0,0,170,60,50,422,45,82,0,0,0,15,2,Normal,1,* Needs more comments. 
C:\Users\Luka\Desktop\New folder\30_project\src\si\alife\mobile\workout\goals\activities\WorkoutGoalProvider.java,15,50,30,20,13,59,15,0,5,0,8,0,0,0,178,30,29,159,26,38,0,0,0,0,0,Normal,1,* Needs more comments. 
C:\Users\Luka\Desktop\New folder\30_project\src\si\alife\mobile\workout\goals\activities\WorkoutGoalsActivity.java,57,47,32,21,27,44,15,0,6,0,6,0,2,8,154,38,43,222,28,139,0,7,4,8,6,Normal,1,* Needs more comments. 
C:\Users\Luka\Desktop\New folder\30_project\src\si\alife\mobile\workout\goals\activities\WorkoutGoalsIntervalActivity.java,16,51,29,20,10,64,12,0,7,0,7,0,0,0,157,31,35,121,20,43,0,0,0,2,1,Normal,1,* Needs more comments. 
C:\Users\Luka\Desktop\New folder\30_project\src\si\alife\mobile\workout\goals\activities\WorkoutGoalsSingleActivity.java,28,49,31,20,16,55,15,0,6,0,7,0,0,0,163,27,37,171,26,73,0,0,0,1,2,Normal,1,* Needs more comments. 
C:\Users\Luka\Desktop\New folder\30_project\src\si\alife\mobile\workout\goals\WorkoutGoalsComponent.java,3,54,28,18,0,83,9,0,4,0,5,0,0,0,64,0,20,61,13,9,0,0,0,0,0,Normal,0,
C:\Users\Luka\Desktop\New folder\30_project\src\si\alife\mobile\workout\goals\WorkoutGoalsComponentImpl.java,19,45,34,21,36,39,12,1,6,0,6,0,0,0,162,42,47,191,25,41,0,0,0,4,2,Normal,1,* Needs more comments. 
C:\Users\Luka\Desktop\New folder\30_project\src\si\alife\mobile\workout\vao\KeyValue.java,7,50,30,20,5,55,24,0,5,0,10,1,6,14,177,28,24,262,23,31,2,0,2,0,3,Normal,2,* Needs more comments. * Code structure may be too fragmented. 
C:\Users\Luka\Desktop\New folder\30_project\src\si\alife\mobile\workout\vao\LapSummary.java,12,47,32,21,26,45,17,1,4,0,7,0,14,31,183,38,35,234,28,33,2,3,5,0,1,Normal,1,* Needs more comments. 
C:\Users\Luka\Desktop\New folder\30_project\src\si\alife\mobile\workout\vao\RecordDeleted.java,4,52,29,19,2,59,23,2,5,1,9,0,0,0,145,50,22,235,26,17,0,0,0,0,5,Normal,0,
C:\Users\Luka\Desktop\New folder\30_project\src\si\alife\mobile\workout\vao\Workout.java,81,42,37,22,45,25,15,4,5,0,5,0,9,24,165,70,53,385,30,177,4,13,17,29,26,Data Manipulation Oriented,1,* Needs more comments. 
C:\Users\Luka\Desktop\New folder\30_project\src\si\alife\mobile\workout\vao\WorkoutCoreData.java,55,43,35,22,35,29,18,2,9,0,6,0,4,11,142,62,49,402,26,170,2,5,7,10,24,Normal,1,* Needs more comments. 
C:\Users\Luka\Desktop\New folder\30_project\src\si\alife\mobile\workout\vao\WorkoutGoal.java,10,45,34,21,29,41,18,1,5,0,7,0,0,0,167,38,32,266,25,30,0,0,0,2,2,Normal,1,* Needs more comments. 
C:\Users\Luka\Desktop\New folder\30_project\src\si\alife\mobile\workout\vao\WorkoutGoalInterval.java,16,47,32,20,16,47,22,0,5,0,10,0,0,0,200,22,28,298,24,66,0,0,0,0,2,Normal,2,* Needs more comments. * Code structure may be too fragmented. 
C:\Users\Luka\Desktop\New folder\30_project\src\si\alife\mobile\workout\vao\WorkoutModel.java,9,48,32,20,17,45,22,0,5,0,10,1,33,80,175,30,31,293,24,35,2,13,12,2,2,Normal,0,
C:\Users\Luka\Desktop\New folder\30_project\src\si\alife\mobile\workout\Workout.java,63,46,33,21,27,38,19,1,6,0,7,0,12,34,157,44,41,310,26,200,9,18,26,9,11,Normal,1,* Needs more comments. 
C:\Users\Luka\Desktop\New folder\30_project\src\si\alife\mobile\workout\WorkoutComponent.java,12,53,28,18,3,75,13,0,4,0,3,2,51,360,20,25,28,107,21,34,16,2,18,0,9,Normal,0,
C:\Users\Luka\Desktop\New folder\30_project\src\si\alife\mobile\workout\WorkoutComponentImpl.java,138,43,34,22,42,27,16,1,7,0,7,0,28,74,170,48,53,377,31,318,18,83,92,42,12,Data Manipulation Oriented,0,
C:\Users\Luka\Desktop\New folder\30_project\src\si\alife\mobile\workout\WorkoutService.java,44,47,32,21,28,42,15,0,7,0,6,0,16,46,140,45,48,230,27,110,1,18,18,13,8,Normal,1,* Needs more comments. 
C:\Users\Luka\Desktop\New folder\30_project\src\si\alife\mobile\workouthistory\activities\WorkoutDetailsActivity.java,159,44,34,22,36,32,18,1,7,0,6,0,6,19,137,72,49,372,46,287,0,18,18,18,34,Normal,1,* Needs more comments. 
C:\Users\Luka\Desktop\New folder\30_project\src\si\alife\mobile\workouthistory\activities\WorkoutDetailsHeader.java,14,47,33,21,17,40,26,1,5,0,10,0,0,0,176,35,30,400,26,61,0,0,0,0,5,Normal,1,* Needs more comments. 
C:\Users\Luka\Desktop\New folder\30_project\src\si\alife\mobile\workouthistory\activities\WorkoutDetailsItem.java,12,46,33,21,20,39,25,1,5,0,11,0,0,0,186,30,31,385,25,52,0,0,0,0,3,Normal,1,* Needs more comments. 
C:\Users\Luka\Desktop\New folder\30_project\src\si\alife\mobile\workouthistory\activities\WorkoutDetailsProvider.java,33,44,34,22,32,32,22,0,7,0,7,0,0,0,137,45,40,427,40,79,0,0,0,0,5,Normal,1,* Needs more comments. 
C:\Users\Luka\Desktop\New folder\30_project\src\si\alife\mobile\workouthistory\activities\WorkoutHistoryGraphActivity.java,79,46,33,21,24,42,17,2,9,0,6,0,4,13,142,48,47,252,30,192,0,14,9,15,41,Normal,1,* Needs more comments. 
C:\Users\Luka\Desktop\New folder\30_project\src\si\alife\mobile\workouthistory\activities\WorkoutHistoryHCGraphActivity.java,64,46,33,21,23,41,17,1,11,0,6,0,0,0,131,49,47,270,30,164,0,0,0,12,29,Data I/O Oriented,1,* Needs more comments. 
C:\Users\Luka\Desktop\New folder\30_project\src\si\alife\mobile\workouthistory\activities\WorkoutHistoryListActivity.java,22,49,31,20,18,59,12,0,5,0,6,0,9,22,190,29,41,126,26,43,0,4,4,3,2,Normal,1,* Needs more comments. 
C:\Users\Luka\Desktop\New folder\30_project\src\si\alife\mobile\workouthistory\activities\WorkoutHistoryListProvider.java,17,50,30,20,15,57,16,0,6,0,6,0,0,0,122,37,33,176,34,36,0,0,0,1,0,Normal,1,* Needs more comments. 
C:\Users\Luka\Desktop\New folder\30_project\src\si\alife\mobile\workouthistory\activities\WorkoutHistoryListProviderNew.java,26,47,32,21,26,46,16,1,6,0,5,0,0,0,93,68,35,216,36,50,0,0,0,7,6,Normal,1,* Needs more comments. 
C:\Users\Luka\Desktop\New folder\30_project\src\si\alife\mobile\workouthistory\graph\BarGraphView.java,20,49,32,20,11,43,16,14,10,1,5,0,45,123,144,140,52,229,42,34,1,18,16,11,11,Algorithmic Oriented,0,
C:\Users\Luka\Desktop\New folder\30_project\src\si\alife\mobile\workouthistory\graph\GraphLegend.java,16,49,31,19,10,33,15,28,9,1,4,0,0,0,66,188,62,287,31,35,0,0,0,0,41,Algorithmic Oriented,1,* Needs more comments. 
C:\Users\Luka\Desktop\New folder\30_project\src\si\alife\mobile\workouthistory\graph\highcharts\HCAbstractPoint.java,6,49,32,20,12,53,20,1,4,0,9,0,0,0,200,19,34,229,26,20,0,0,0,1,1,Normal,1,* Code structure may be too fragmented. 
C:\Users\Luka\Desktop\New folder\30_project\src\si\alife\mobile\workouthistory\graph\highcharts\HCData.java,19,42,36,23,48,27,12,2,6,0,5,0,0,0,151,67,54,278,25,39,0,0,0,12,4,Data Manipulation Oriented,1,* Needs more comments. 
C:\Users\Luka\Desktop\New folder\30_project\src\si\alife\mobile\workouthistory\graph\highcharts\HCOptions.java,11,49,31,20,17,50,18,1,6,1,7,0,3,8,141,48,34,225,29,30,1,0,1,15,1,Normal,1,* Needs more comments. 
C:\Users\Luka\Desktop\New folder\30_project\src\si\alife\mobile\workouthistory\graph\highcharts\HCWebView.java,16,48,31,21,22,47,16,0,7,0,7,0,16,45,158,30,43,212,22,52,0,16,9,5,0,Normal,1,* Needs more comments. 
C:\Users\Luka\Desktop\New folder\30_project\src\si\alife\mobile\workouthistory\graph\HrZoneGraphView.java,10,49,31,20,19,55,12,2,5,0,7,0,0,0,169,27,42,130,19,28,0,0,0,1,7,Normal,1,* Needs more comments. 
C:\Users\Luka\Desktop\New folder\30_project\src\si\alife\mobile\workouthistory\graph\WorkoutGraphView.java,15,48,31,20,18,47,15,6,6,1,6,0,15,43,139,65,43,203,23,45,1,6,7,3,14,Algorithmic Oriented,1,* Needs more comments. 
C:\Users\Luka\Desktop\New folder\30_project\src\si\alife\mobile\workouthistory\graph\WorkoutGraphViewSeries.java,3,51,29,20,0,64,18,0,9,0,9,0,18,33,233,0,37,166,27,10,0,2,2,0,0,Normal,1,* Code structure may be too fragmented. 
C:\Users\Luka\Desktop\New folder\30_project\src\si\alife\mobile\workouthistory\WorkoutHistoryComponent.java,6,51,30,19,0,69,15,0,12,0,3,1,22,133,30,0,28,131,23,17,4,0,4,0,0,Data I/O Oriented,0,
C:\Users\Luka\Desktop\New folder\30_project\src\si\alife\mobile\workouthistory\WorkoutHistoryComponentImpl.java,44,42,36,22,39,26,16,3,10,0,5,0,17,64,106,74,61,375,27,113,10,10,20,7,32,Data Manipulation Oriented,0,
C:\Users\Luka\Desktop\New folder\31_android_full\assets\highcharts\canvas-tools.js,246,48,30,22,3,29,60,0,1,3,3,0,0,0,8,4,3,1291,61,1084,1,0,1,767,507,Normal,2,* Needs more comments. * May need breaking down into functions or classes. 
C:\Users\Luka\Desktop\New folder\31_android_full\assets\highcharts\column.js,17,48,32,20,0,51,16,4,14,3,12,0,4,7,295,15,58,192,19,62,0,4,3,30,73,Data I/O Oriented,2,* Needs more comments. * Code structure may be too fragmented. 
C:\Users\Luka\Desktop\New folder\31_android_full\assets\highcharts\common.js,2,54,28,18,3,79,5,3,1,1,9,0,0,0,333,16,55,35,10,5,0,0,0,5,1,Normal,1,* Code structure may be too fragmented. 
C:\Users\Luka\Desktop\New folder\31_android_full\assets\highcharts\highcharts-more.js,364,43,35,22,34,20,20,7,10,1,7,1,34,80,191,121,61,639,36,902,85,235,310,185,269,Algorithmic Oriented,0,
C:\Users\Luka\Desktop\New folder\31_android_full\assets\highcharts\highcharts_rambera.js,2729,40,37,23,50,9,18,5,9,1,7,1,38,80,206,127,66,1255,37,6099,443,2003,2321,1217,1586,Data Manipulation Oriented,0,
C:\Users\Luka\Desktop\New folder\31_android_full\assets\highcharts\jquery-1.9.1.min.js,359,44,34,22,26,22,40,3,3,3,2,0,0,0,29,36,11,1148,69,941,1,0,1,835,348,Normal,1,* Needs more comments. 
C:\Users\Luka\Desktop\New folder\31_android_full\assets\highcharts\line-blood-pressure.js,32,50,30,20,6,43,24,7,5,2,13,0,18,33,262,31,50,350,27,123,0,34,23,56,44,Algorithmic Oriented,2,* Needs more comments. * Code structure may be too fragmented. 
C:\Users\Luka\Desktop\New folder\31_android_full\assets\highcharts\line-blood-sugar.js,20,51,30,19,5,60,12,7,5,1,9,0,18,33,254,37,55,128,18,60,0,19,11,23,24,Algorithmic Oriented,2,* Needs more comments. * Code structure may be too fragmented. 
C:\Users\Luka\Desktop\New folder\31_android_full\assets\highcharts\line-body-fat.js,21,51,30,19,5,62,12,6,5,1,9,0,18,33,259,33,55,125,19,59,0,19,11,22,24,Algorithmic Oriented,2,* Needs more comments. * Code structure may be too fragmented. 
C:\Users\Luka\Desktop\New folder\31_android_full\assets\highcharts\line-weight.js,20,52,29,19,2,63,13,7,5,1,10,0,20,36,259,35,55,126,19,59,0,20,12,21,23,Algorithmic Oriented,2,* Needs more comments. * Code structure may be too fragmented. 
C:\Users\Luka\Desktop\New folder\31_android_full\assets\highcharts\line.js,20,50,30,19,8,56,13,6,5,1,11,0,12,25,241,32,52,144,15,77,0,18,10,22,31,Algorithmic Oriented,2,* Needs more comments. * Code structure may be too fragmented. 
C:\Users\Luka\Desktop\New folder\31_android_full\assets\highcharts\view-blood-pressure.html,8,50,30,20,16,57,11,0,8,2,7,0,0,0,167,85,51,113,19,20,0,0,0,30,1,Normal,0,
C:\Users\Luka\Desktop\New folder\31_android_full\assets\highcharts\view-blood-sugar.html,7,52,29,19,9,63,10,0,9,2,7,0,0,0,177,80,50,102,18,19,0,0,0,29,1,Normal,0,
C:\Users\Luka\Desktop\New folder\31_android_full\assets\highcharts\view-body-fat.html,7,52,29,19,9,63,10,0,9,2,7,0,0,0,177,80,50,102,18,19,0,0,0,29,1,Normal,0,
C:\Users\Luka\Desktop\New folder\31_android_full\assets\highcharts\view-weight.html,7,52,29,19,9,63,10,0,9,2,7,0,0,0,177,80,50,102,18,19,0,0,0,29,1,Normal,0,
C:\Users\Luka\Desktop\New folder\31_android_full\assets\highcharts\view.html,6,49,31,20,21,49,12,0,10,2,6,0,0,0,119,120,56,154,24,14,0,0,0,27,1,Normal,0,
C:\Users\Luka\Desktop\New folder\31_android_full\src\si\alife\mobile\full\core\AlifeMobileFullApplication.java,2,53,29,18,4,77,8,0,2,0,9,1,20,33,225,0,15,58,14,4,1,0,1,0,0,Normal,1,* Code structure may be too fragmented. 
C:\Users\Luka\Desktop\New folder\31_android_full\src\si\alife\mobile\full\core\FullConfigurationImpl.java,3,49,31,20,19,50,17,0,3,0,9,2,100,225,197,22,17,200,33,8,0,12,9,0,0,Normal,0,
C:\Users\Luka\Desktop\New folder\31_android_full\src\si\alife\mobile\full\core\IntentFactory.java,5,47,33,20,29,53,10,0,1,0,7,0,0,0,234,30,19,121,28,9,0,0,0,0,0,Normal,0,
C:\Users\Luka\Desktop\New folder\34_library_web_maps\res\raw\map.html,16,48,32,20,20,47,12,5,8,1,7,0,0,0,185,65,48,155,20,42,0,0,0,14,16,Normal,1,* Needs more comments. 
C:\Users\Luka\Desktop\New folder\34_library_web_maps\src\si\alife\mobile\maps\webview\JavascriptInterface.java,1,55,27,17,0,81,7,0,0,0,12,0,0,0,216,0,0,42,10,2,0,0,0,0,0,Normal,1,* Code structure may be too fragmented. 
C:\Users\Luka\Desktop\New folder\34_library_web_maps\src\si\alife\mobile\maps\webview\MyWebView.java,7,48,32,20,19,49,17,0,5,0,9,0,7,18,177,25,37,207,20,26,3,1,2,6,0,Normal,1,* Needs more comments. 
C:\Users\Luka\Desktop\New folder\34_library_web_maps\src\si\alife\mobile\maps\webview\PolylineEncoder.java,81,43,35,22,34,19,20,9,11,1,6,0,9,24,138,107,60,650,35,204,5,14,19,16,92,Algorithmic Oriented,1,* Needs more comments. 
C:\Users\Luka\Desktop\New folder\34_library_web_maps\src\si\alife\mobile\maps\webview\WebViewHistoryMapActivity.java,14,50,30,19,12,64,11,1,5,0,7,0,7,20,162,23,38,104,16,41,1,2,3,6,2,Normal,1,* Needs more comments. 
C:\Users\Luka\Desktop\New folder\34_library_web_maps\src\si\alife\mobile\maps\webview\WebViewInProgressMapActivity.java,18,51,30,20,9,62,13,1,6,0,7,0,8,22,163,25,41,131,18,57,1,4,5,10,4,Normal,1,* Needs more comments. 

Entire Project Totals,19491,44,34,22,33,29,20,3,8,1,7,0,15,41,153,66,44,446,36,49658,1666,6564,7614,9605,8761,Normal,371,

